cliente_id,idade,renda_estimada,valor_compra,qtd_parcelas,ja_usou_pix_parcelado_antes,score_credito,inadimplente,estrategia_lembrete,recuperou
CLI1000,22,2369.71,1814.17,4,1,834,0,N/A,0
CLI1001,43,1154.48,2600.64,4,0,802,0,N/A,0
CLI1002,21,2428.98,2223.55,9,0,629,0,N/A,0
CLI1003,37,2568.09,1837.05,9,0,516,1,Lembrete com opção de renegociar,0
CLI1004,41,5432.11,1546.46,9,0,506,0,N/A,0
CLI1005,57,1962.84,934.52,4,0,505,0,N/A,0
CLI1006,46,2364.34,764.67,3,0,640,0,N/A,0
CLI1007,32,2613.27,531.44,3,0,687,0,N/A,0
CLI1008,41,2413.57,2834.91,4,1,819,0,N/A,0
CLI1009,26,2051.27,1397.43,12,0,683,0,N/A,0
CLI1010,43,1835.69,998.18,4,0,901,0,N/A,0
CLI1011,64,1635.98,1638.61,6,0,687,1,Lembrete com opção de renegociar,1
CLI1012,60,2300.94,2325.99,9,0,692,0,N/A,0
CLI1013,44,5160.69,1020.11,2,1,478,0,N/A,0
CLI1014,26,1400.44,1789.76,2,0,608,1,Lembrete simples,0
CLI1015,57,2164.15,918.73,2,0,875,0,N/A,0
CLI1016,56,4616.86,2436.94,4,1,479,0,N/A,0
CLI1017,22,1053.29,2662.66,3,0,819,1,Lembrete simples,0
CLI1018,25,1409.49,217.86,3,1,703,0,N/A,0
CLI1019,62,2067.53,2579.44,2,0,692,1,Lembrete com opção de renegociar,1
CLI1020,18,2157.5,545.72,2,1,566,0,N/A,0
CLI1021,29,1627.37,464.94,4,0,726,0,N/A,0
CLI1022,24,1949.94,244.48,9,1,338,1,Lembrete com opção de renegociar,1
CLI1023,37,3682.23,2009.39,3,0,424,0,N/A,0
CLI1024,62,1520.58,1599.37,4,0,582,0,N/A,0
CLI1025,23,986.37,1326.53,3,0,768,0,N/A,0
CLI1026,42,2102.79,764.05,2,1,578,0,N/A,0
CLI1027,18,1802.6,239.71,4,0,754,0,N/A,0
CLI1028,52,1863.99,55.28,3,0,552,0,N/A,0
CLI1029,27,928.21,1781.84,2,0,718,0,N/A,0
CLI1030,32,1283.49,1623.06,2,0,704,0,N/A,0
CLI1031,56,980.15,1195.77,4,1,584,0,N/A,0
CLI1032,22,1000.66,2676.29,3,1,630,0,N/A,0
CLI1033,64,2036.82,1092.62,12,0,642,0,N/A,0
CLI1034,27,1525.32,1940.15,4,1,744,0,N/A,0
CLI1035,41,2336.13,178.21,2,1,882,0,N/A,0
CLI1036,53,7168.11,2081.87,4,0,638,0,N/A,0
CLI1037,21,1594.98,2769.97,2,0,472,1,Lembrete simples,1
CLI1038,26,3351.42,2639.88,6,1,430,0,N/A,0
CLI1039,37,3462.66,1795.16,6,0,866,1,Lembrete simples,0
CLI1040,19,1632.16,1980.3,12,0,576,0,N/A,0
CLI1041,18,1253.7,425.71,3,1,746,0,N/A,0
CLI1042,34,1775.95,2610.75,3,1,746,0,N/A,0
CLI1043,49,1104.28,630.56,2,0,820,0,N/A,0
CLI1044,47,3026.88,1930.26,6,0,536,0,N/A,0
CLI1045,62,2694.84,1308.93,4,1,436,0,N/A,0
CLI1046,46,1565.04,2548.08,6,1,634,1,Lembrete com opção de renegociar,0
CLI1047,25,2749.92,161.02,3,0,665,0,N/A,0
CLI1048,41,3796.46,1782.74,4,0,612,0,N/A,0
CLI1049,28,1972.91,1453.6,3,1,632,0,N/A,0
CLI1050,59,2257.13,993.87,3,0,367,1,Lembrete com opção de renegociar,0
CLI1051,53,2499.49,1705.78,3,1,334,0,N/A,0
CLI1052,18,1070.84,1928.08,6,1,605,1,Lembrete com opção de renegociar,0
CLI1053,25,1919.8,2143.44,3,1,583,0,N/A,0
CLI1054,41,1425.36,170.19,12,1,725,0,N/A,0
CLI1055,46,3160.63,2589.21,2,1,734,0,N/A,0
CLI1056,50,1644.2,1998.4,6,0,879,0,N/A,0
CLI1057,39,1626.6,150.64,6,0,441,1,Lembrete simples,1
CLI1058,54,2536.71,1987.9,3,1,615,0,N/A,0
CLI1059,53,2237.9,1572.45,4,0,538,0,N/A,0
CLI1060,51,1430.92,923.58,2,0,447,1,Lembrete simples,0
CLI1061,21,3651.77,2381.06,3,1,300,1,Lembrete com opção de renegociar,0
CLI1062,45,1867.72,2604.76,4,0,754,1,Lembrete simples,1
CLI1063,51,1418.58,2909.08,6,0,670,1,Lembrete com opção de renegociar,1
CLI1064,37,900.0,2624.38,12,0,593,1,Lembrete simples,0
CLI1065,45,2673.72,1239.72,4,0,787,0,N/A,0
CLI1066,22,1587.66,963.65,9,0,617,1,Lembrete com opção de renegociar,0
CLI1067,37,3593.25,672.06,12,0,500,1,Lembrete com opção de renegociar,0
CLI1068,51,6905.2,1993.62,9,1,600,0,N/A,0
CLI1069,48,3296.71,1040.4,3,1,475,0,N/A,0
CLI1070,55,1843.0,874.92,4,0,653,1,Lembrete simples,0
CLI1071,27,2115.51,2776.31,2,1,769,0,N/A,0
CLI1072,47,2326.42,178.41,4,0,686,0,N/A,0
CLI1073,35,3589.99,1081.98,4,1,466,0,N/A,0
CLI1074,49,1995.15,1333.25,3,0,654,0,N/A,0
CLI1075,20,3790.9,656.96,3,0,681,1,Lembrete simples,0
CLI1076,37,2872.5,918.84,2,1,714,0,N/A,0
CLI1077,36,2105.79,1209.44,2,0,571,0,N/A,0
CLI1078,39,4239.32,2260.08,4,1,595,0,N/A,0
CLI1079,21,3765.7,267.19,4,1,858,0,N/A,0
CLI1080,29,2915.68,382.39,12,0,624,1,Lembrete simples,0
CLI1081,34,1099.33,1247.24,6,0,577,1,Lembrete simples,0
CLI1082,30,1842.84,2381.04,6,0,511,0,N/A,0
CLI1083,47,6204.67,149.27,4,1,889,0,N/A,0
CLI1084,61,1718.5,1040.85,6,0,711,0,N/A,0
CLI1085,59,3098.35,697.0,6,0,577,0,N/A,0
CLI1086,27,2466.09,1523.07,3,0,773,0,N/A,0
CLI1087,30,2653.06,1178.56,9,1,408,0,N/A,0
CLI1088,21,1103.17,854.8,9,0,343,0,N/A,0
CLI1089,64,1251.5,230.76,3,0,624,0,N/A,0
CLI1090,32,3237.56,524.6,12,0,850,0,N/A,0
CLI1091,38,2882.73,1866.12,2,1,526,0,N/A,0
CLI1092,33,1170.87,1818.41,4,0,508,0,N/A,0
CLI1093,53,2235.86,2082.8,2,1,619,0,N/A,0
CLI1094,22,2589.29,257.36,2,0,914,0,N/A,0
CLI1095,61,3652.11,75.49,2,0,300,1,Lembrete simples,1
CLI1096,26,2596.99,1878.06,2,1,544,0,N/A,0
CLI1097,44,5863.66,573.62,9,1,622,0,N/A,0
CLI1098,61,3710.81,2261.24,4,0,593,0,N/A,0
CLI1099,41,1649.51,1752.24,3,0,479,1,Lembrete com opção de renegociar,0
CLI1100,31,4576.23,830.85,3,0,669,0,N/A,0
CLI1101,57,2184.4,1322.42,9,0,738,1,Lembrete com opção de renegociar,1
CLI1102,21,1135.69,1307.19,2,1,675,0,N/A,0
CLI1103,47,2050.49,770.41,2,0,813,0,N/A,0
CLI1104,30,1376.66,2565.07,4,1,657,1,Lembrete simples,0
CLI1105,30,1639.02,55.53,3,0,547,0,N/A,0
CLI1106,33,2014.07,770.39,2,1,773,0,N/A,0
CLI1107,47,4006.34,641.02,2,0,467,0,N/A,0
CLI1108,26,1029.58,2745.3,12,1,326,1,Lembrete com opção de renegociar,1
CLI1109,56,6420.43,2415.83,2,0,378,0,N/A,0
CLI1110,24,2334.02,2393.63,9,1,930,0,N/A,0
CLI1111,39,5684.8,2485.53,6,0,587,0,N/A,0
CLI1112,62,2248.65,537.11,9,0,554,0,N/A,0
CLI1113,45,1809.18,2615.48,3,1,585,0,N/A,0
CLI1114,25,2569.74,1208.83,2,0,611,0,N/A,0
CLI1115,35,1965.69,801.13,12,0,300,0,N/A,0
CLI1116,60,2221.74,582.29,2,0,410,0,N/A,0
CLI1117,23,3795.13,880.87,6,0,340,1,Lembrete com opção de renegociar,1
CLI1118,54,1981.98,1640.34,3,1,721,0,N/A,0
CLI1119,59,1309.08,1092.53,4,0,634,0,N/A,0
CLI1120,59,1149.96,2061.05,3,0,613,1,Lembrete com opção de renegociar,1
CLI1121,47,1560.38,69.48,4,1,333,0,N/A,0
CLI1122,44,2106.36,1408.79,6,0,410,1,Lembrete com opção de renegociar,0
CLI1123,18,1027.32,1255.28,3,1,649,0,N/A,0
CLI1124,40,1353.51,598.84,4,0,785,0,N/A,0
CLI1125,52,2491.76,2544.54,6,0,364,1,Lembrete simples,0
CLI1126,30,1089.8,837.09,3,1,556,0,N/A,0
CLI1127,24,2500.46,1141.67,4,0,745,0,N/A,0
CLI1128,58,3600.96,1530.57,2,0,300,1,Lembrete simples,0
CLI1129,52,994.44,640.05,2,0,501,1,Lembrete simples,1
CLI1130,60,1587.19,1893.03,3,0,428,1,Lembrete com opção de renegociar,0
CLI1131,64,3393.95,394.57,12,1,740,0,N/A,0
CLI1132,47,1672.62,832.88,3,1,486,0,N/A,0
CLI1133,56,1764.99,537.12,3,0,387,0,N/A,0
CLI1134,60,2537.76,2990.19,2,0,458,1,Lembrete simples,1
CLI1135,35,2069.36,1415.0,4,0,483,0,N/A,0
CLI1136,23,1558.13,264.68,2,1,737,0,N/A,0
CLI1137,33,2044.49,1975.04,2,1,555,1,Lembrete com opção de renegociar,0
CLI1138,30,3475.55,1820.65,4,1,900,0,N/A,0
CLI1139,59,1230.07,899.05,9,1,639,1,Lembrete simples,0
CLI1140,58,2403.55,146.67,12,1,664,0,N/A,0
CLI1141,46,2544.79,446.96,4,0,563,0,N/A,0
CLI1142,55,2824.6,1511.23,3,1,392,1,Lembrete simples,0
CLI1143,27,1886.81,731.69,3,0,533,0,N/A,0
CLI1144,41,900.0,1880.06,12,0,537,1,Lembrete com opção de renegociar,0
CLI1145,39,2468.99,2574.81,6,0,589,0,N/A,0
CLI1146,22,941.29,1396.66,4,1,633,0,N/A,0
CLI1147,45,1575.34,337.97,2,0,452,0,N/A,0
CLI1148,30,5139.51,2534.85,2,0,653,0,N/A,0
CLI1149,59,1229.16,192.03,3,1,547,0,N/A,0
CLI1150,29,1238.51,1204.95,4,1,591,0,N/A,0
CLI1151,24,1703.51,1141.85,6,0,764,0,N/A,0
CLI1152,51,2210.07,1913.03,4,1,590,0,N/A,0
CLI1153,39,2409.97,2462.36,4,1,431,0,N/A,0
CLI1154,39,2457.07,352.44,3,1,659,0,N/A,0
CLI1155,48,1628.44,1386.54,3,0,464,1,Lembrete com opção de renegociar,1
CLI1156,61,2896.48,563.14,3,1,704,0,N/A,0
CLI1157,46,2065.06,2078.39,2,0,640,0,N/A,0
CLI1158,30,1118.05,2664.22,3,1,574,1,Lembrete com opção de renegociar,1
CLI1159,30,983.06,968.85,3,1,404,1,Lembrete simples,0
CLI1160,63,1834.35,2128.43,2,1,688,1,Lembrete com opção de renegociar,0
CLI1161,54,1023.9,1631.38,3,0,701,0,N/A,0
CLI1162,25,2286.01,2497.71,3,0,648,0,N/A,0
CLI1163,39,1793.26,2677.54,2,0,300,1,Lembrete com opção de renegociar,0
CLI1164,59,971.76,1296.66,4,0,694,0,N/A,0
CLI1165,56,1289.49,183.83,12,1,712,0,N/A,0
CLI1166,33,1600.78,296.52,6,0,596,0,N/A,0
CLI1167,61,2690.35,1608.76,6,0,809,0,N/A,0
CLI1168,36,4846.87,1479.18,3,1,940,0,N/A,0
CLI1169,46,1704.92,87.82,12,0,492,0,N/A,0
CLI1170,34,2445.07,326.56,6,1,494,0,N/A,0
CLI1171,23,900.0,1700.45,4,0,362,1,Lembrete simples,0
CLI1172,53,1758.34,1027.93,2,0,491,0,N/A,0
CLI1173,31,900.0,1106.84,4,0,569,0,N/A,0
CLI1174,50,1182.61,2230.6,2,0,694,0,N/A,0
CLI1175,41,2632.57,2590.94,3,1,564,0,N/A,0
CLI1176,49,1561.42,2039.09,12,0,605,1,Lembrete simples,1
CLI1177,51,1227.26,2108.64,4,0,454,0,N/A,0
CLI1178,63,1921.74,2055.4,2,1,588,0,N/A,0
CLI1179,58,2675.38,1646.71,3,0,634,0,N/A,0
CLI1180,45,1228.07,380.61,9,1,385,0,N/A,0
CLI1181,32,5321.87,1363.51,2,1,702,0,N/A,0
CLI1182,63,1174.06,1437.79,3,0,597,1,Lembrete simples,0
CLI1183,59,1663.32,1894.19,3,1,704,0,N/A,0
CLI1184,60,2400.95,2693.89,2,0,498,1,Lembrete com opção de renegociar,0
CLI1185,50,2306.89,983.71,3,1,375,1,Lembrete simples,0
CLI1186,52,1933.14,410.95,9,1,432,0,N/A,0
CLI1187,49,1372.48,425.44,6,0,583,1,Lembrete com opção de renegociar,1
CLI1188,56,1452.97,541.23,12,0,574,0,N/A,0
CLI1189,36,1738.55,2860.42,4,0,586,1,Lembrete simples,0
CLI1190,27,4664.82,843.56,6,0,498,0,N/A,0
CLI1191,27,5002.46,1653.82,6,1,831,0,N/A,0
CLI1192,31,1128.55,2087.36,3,1,300,1,Lembrete com opção de renegociar,0
CLI1193,39,6298.06,1767.97,12,0,854,0,N/A,0
CLI1194,61,1407.35,569.85,6,0,805,0,N/A,0
CLI1195,19,2194.17,1499.55,2,0,707,0,N/A,0
CLI1196,49,1139.71,2781.96,12,0,300,1,Lembrete com opção de renegociar,1
CLI1197,32,2363.5,1448.68,3,1,573,1,Lembrete simples,0
CLI1198,34,2648.87,744.63,4,1,314,1,Lembrete com opção de renegociar,0
CLI1199,43,1776.37,1154.34,3,0,815,0,N/A,0
CLI1200,64,2993.51,527.08,3,1,365,1,Lembrete com opção de renegociar,0
CLI1201,51,1422.96,881.93,6,0,568,0,N/A,0
CLI1202,39,1389.96,2334.02,2,1,783,0,N/A,0
CLI1203,37,2347.56,1567.33,9,1,394,1,Lembrete com opção de renegociar,0
CLI1204,36,3602.04,532.96,2,1,861,0,N/A,0
CLI1205,18,900.0,387.86,2,0,817,0,N/A,0
CLI1206,31,3595.71,388.86,2,1,641,0,N/A,0
CLI1207,28,1556.37,2070.99,3,0,616,0,N/A,0
CLI1208,45,1088.65,67.37,3,1,704,0,N/A,0
CLI1209,46,3050.27,2880.66,6,1,583,1,Lembrete com opção de renegociar,0
CLI1210,26,2653.56,872.29,4,1,617,0,N/A,0
CLI1211,51,2673.73,2395.94,4,0,311,0,N/A,0
CLI1212,54,2264.67,2217.42,2,0,486,1,Lembrete simples,0
CLI1213,43,3923.53,904.45,2,0,931,0,N/A,0
CLI1214,62,3407.05,426.19,6,0,494,0,N/A,0
CLI1215,60,1134.01,633.2,6,1,655,0,N/A,0
CLI1216,46,1070.07,1544.43,12,0,577,1,Lembrete com opção de renegociar,0
CLI1217,25,1871.29,1465.43,3,1,531,1,Lembrete simples,0
CLI1218,33,1912.13,293.15,6,1,522,0,N/A,0
CLI1219,18,1999.78,1754.6,6,1,597,0,N/A,0
CLI1220,36,2087.86,2972.58,3,0,800,0,N/A,0
CLI1221,57,5389.81,924.81,3,1,805,0,N/A,0
CLI1222,62,1626.03,1421.92,9,0,730,0,N/A,0
CLI1223,18,1571.2,1867.65,6,1,639,0,N/A,0
CLI1224,62,2300.76,602.68,6,1,536,1,Lembrete simples,1
CLI1225,27,2048.8,1922.46,12,0,689,0,N/A,0
CLI1226,64,3553.13,1973.38,4,0,768,0,N/A,0
CLI1227,52,1431.79,1538.19,3,0,640,1,Lembrete com opção de renegociar,1
CLI1228,61,1346.84,324.91,4,0,907,0,N/A,0
CLI1229,23,1120.04,731.15,4,0,597,0,N/A,0
CLI1230,39,1638.96,2644.97,2,1,723,1,Lembrete simples,0
CLI1231,34,2695.62,727.97,2,0,660,0,N/A,0
CLI1232,59,2821.13,1694.9,9,0,627,0,N/A,0
CLI1233,29,3104.65,1744.36,6,1,655,0,N/A,0
CLI1234,60,2242.21,2765.36,4,0,508,0,N/A,0
CLI1235,50,2379.93,2677.76,4,0,729,0,N/A,0
CLI1236,58,1668.13,744.38,6,0,483,0,N/A,0
CLI1237,54,900.0,1535.4,3,0,647,1,Lembrete simples,0
CLI1238,23,1359.49,1023.61,12,1,484,0,N/A,0
CLI1239,46,2640.24,914.83,2,0,525,0,N/A,0
CLI1240,61,2689.78,1306.25,2,0,512,0,N/A,0
CLI1241,47,3969.56,412.59,4,0,670,0,N/A,0
CLI1242,64,1067.19,2819.05,2,0,498,0,N/A,0
CLI1243,60,900.0,535.33,2,0,691,0,N/A,0
CLI1244,49,1873.73,2041.48,6,1,649,0,N/A,0
CLI1245,25,2429.02,926.48,12,1,713,0,N/A,0
CLI1246,46,2693.13,1985.14,4,1,522,0,N/A,0
CLI1247,32,2826.72,2501.26,2,0,659,0,N/A,0
CLI1248,31,3887.88,530.52,2,0,634,0,N/A,0
CLI1249,37,2657.47,2874.17,4,0,845,0,N/A,0
CLI1250,59,1301.44,2145.27,2,1,636,0,N/A,0
CLI1251,31,2623.24,2939.13,6,1,719,1,Lembrete simples,0
CLI1252,42,1485.36,1468.89,4,0,585,0,N/A,0
CLI1253,21,1770.85,1663.5,4,0,853,0,N/A,0
CLI1254,25,2723.83,2747.88,2,0,667,1,Lembrete simples,0
CLI1255,60,900.0,177.6,3,0,634,0,N/A,0
CLI1256,50,1492.92,1443.37,12,0,596,0,N/A,0
CLI1257,51,2599.38,341.1,9,0,412,1,Lembrete com opção de renegociar,0
CLI1258,29,1559.45,680.35,4,0,535,0,N/A,0
CLI1259,45,1483.38,1559.23,3,0,582,0,N/A,0
CLI1260,22,4665.15,2451.69,3,1,630,1,Lembrete com opção de renegociar,0
CLI1261,56,3413.75,590.25,4,0,567,0,N/A,0
CLI1262,49,5607.32,1669.98,2,0,585,0,N/A,0
CLI1263,48,1645.8,1900.63,6,1,553,1,Lembrete com opção de renegociar,1
CLI1264,32,3084.19,1479.85,4,1,877,0,N/A,0
CLI1265,62,3727.99,1348.28,2,1,861,0,N/A,0
CLI1266,61,2986.12,2344.96,2,0,749,0,N/A,0
CLI1267,30,1344.35,2205.78,2,1,676,0,N/A,0
CLI1268,34,2905.58,1325.77,9,0,572,0,N/A,0
CLI1269,44,988.03,783.66,4,0,699,0,N/A,0
CLI1270,50,1040.86,2165.51,4,0,686,1,Lembrete com opção de renegociar,0
CLI1271,61,3504.22,1206.31,12,0,610,0,N/A,0
CLI1272,51,2436.54,2611.13,3,1,436,1,Lembrete com opção de renegociar,1
CLI1273,26,2529.37,1600.21,6,0,491,0,N/A,0
CLI1274,48,1454.34,476.94,12,0,457,0,N/A,0
CLI1275,51,1938.43,2043.26,3,0,525,0,N/A,0
CLI1276,33,900.0,1426.35,4,1,545,0,N/A,0
CLI1277,40,2386.39,598.88,12,1,657,0,N/A,0
CLI1278,52,2279.96,2868.45,3,0,732,0,N/A,0
CLI1279,30,2296.92,488.74,3,1,801,0,N/A,0
CLI1280,22,4079.17,579.41,6,0,400,0,N/A,0
CLI1281,62,2898.32,2010.1,2,1,548,0,N/A,0
CLI1282,38,3031.38,1042.95,3,1,508,0,N/A,0
CLI1283,61,1346.39,518.44,3,1,458,0,N/A,0
CLI1284,36,1283.85,121.92,9,0,519,0,N/A,0
CLI1285,39,2082.3,1684.74,2,0,529,0,N/A,0
CLI1286,40,2633.75,2749.68,2,1,662,1,Lembrete com opção de renegociar,0
CLI1287,36,2979.54,2914.06,12,0,629,0,N/A,0
CLI1288,23,3954.05,1792.88,4,1,851,0,N/A,0
CLI1289,57,3197.23,1406.7,4,1,468,1,Lembrete com opção de renegociar,0
CLI1290,23,1446.82,1895.23,4,1,461,1,Lembrete com opção de renegociar,0
CLI1291,23,2586.98,2149.05,2,0,680,0,N/A,0
CLI1292,24,3116.45,1671.6,9,0,505,1,Lembrete com opção de renegociar,1
CLI1293,49,3185.74,304.91,2,1,576,1,Lembrete com opção de renegociar,0
CLI1294,47,1710.79,2856.94,12,1,509,1,Lembrete simples,0
CLI1295,34,2797.19,1641.71,12,1,753,0,N/A,0
CLI1296,60,988.39,326.79,2,1,737,0,N/A,0
CLI1297,64,2268.41,344.74,2,0,711,0,N/A,0
CLI1298,22,1347.27,143.15,2,0,300,0,N/A,0
CLI1299,64,1316.98,1396.11,6,1,586,0,N/A,0
CLI1300,56,1872.85,399.17,4,0,300,0,N/A,0
CLI1301,31,1965.06,2509.44,2,1,479,0,N/A,0
CLI1302,20,946.14,1191.68,4,0,754,0,N/A,0
CLI1303,30,2820.48,577.81,4,1,756,0,N/A,0
CLI1304,42,2596.83,2396.98,6,0,610,0,N/A,0
CLI1305,45,5158.58,340.7,2,1,564,0,N/A,0
CLI1306,34,2813.89,1994.01,6,1,575,0,N/A,0
CLI1307,64,900.0,163.87,4,1,480,0,N/A,0
CLI1308,23,997.98,950.04,3,1,307,1,Lembrete simples,0
CLI1309,58,2659.44,2716.55,4,0,642,0,N/A,0
CLI1310,47,1396.22,91.88,6,0,673,0,N/A,0
CLI1311,27,1278.49,2456.94,3,1,536,1,Lembrete simples,0
CLI1312,62,2877.69,1848.12,6,1,696,0,N/A,0
CLI1313,57,2412.28,2645.31,2,0,614,1,Lembrete simples,0
CLI1314,32,1483.61,2314.55,2,0,784,1,Lembrete simples,0
CLI1315,24,1883.99,1873.28,4,0,568,0,N/A,0
CLI1316,20,2282.87,2646.4,2,0,353,0,N/A,0
CLI1317,55,1247.72,397.21,4,1,554,0,N/A,0
CLI1318,40,2541.08,2957.26,4,1,505,1,Lembrete com opção de renegociar,0
CLI1319,64,1465.49,535.0,9,0,469,1,Lembrete com opção de renegociar,1
CLI1320,27,3115.13,2115.18,6,1,563,0,N/A,0
CLI1321,53,1448.93,1758.23,3,1,624,0,N/A,0
CLI1322,33,1607.51,867.63,12,0,513,0,N/A,0
CLI1323,38,1745.95,2379.51,9,0,579,1,Lembrete com opção de renegociar,1
CLI1324,50,1951.69,1972.45,3,0,827,0,N/A,0
CLI1325,53,1853.47,2146.65,12,1,561,0,N/A,0
CLI1326,39,1553.05,923.31,12,0,745,0,N/A,0
CLI1327,24,1120.04,158.28,2,1,653,0,N/A,0
CLI1328,38,908.08,595.13,6,1,413,1,Lembrete com opção de renegociar,0
CLI1329,18,1545.63,1682.47,4,1,549,1,Lembrete simples,0
CLI1330,38,2463.67,621.1,12,0,903,0,N/A,0
CLI1331,51,2972.73,2240.4,12,0,460,0,N/A,0
CLI1332,39,2211.39,1183.68,6,1,568,1,Lembrete com opção de renegociar,0
CLI1333,20,3878.55,1867.65,6,1,652,0,N/A,0
CLI1334,29,2517.54,963.28,4,0,549,0,N/A,0
CLI1335,29,1314.42,1478.22,12,1,612,0,N/A,0
CLI1336,54,2880.09,1164.83,6,1,486,0,N/A,0
CLI1337,26,3966.53,1104.3,3,1,789,0,N/A,0
CLI1338,63,2610.86,1429.04,9,0,883,0,N/A,0
CLI1339,61,2308.44,203.28,12,0,812,0,N/A,0
CLI1340,25,1681.84,844.76,3,0,623,0,N/A,0
CLI1341,25,1507.18,2644.72,3,1,708,0,N/A,0
CLI1342,39,2113.29,1998.59,3,0,596,0,N/A,0
CLI1343,37,996.51,160.64,9,0,368,0,N/A,0
CLI1344,57,4010.23,433.27,4,0,410,0,N/A,0
CLI1345,40,2171.32,1720.23,3,0,500,1,Lembrete com opção de renegociar,0
CLI1346,63,1534.51,1874.45,6,0,472,1,Lembrete com opção de renegociar,1
CLI1347,53,2640.97,1009.42,2,0,628,0,N/A,0
CLI1348,35,1151.86,2160.81,4,1,513,0,N/A,0
CLI1349,51,1300.02,1989.47,4,1,300,0,N/A,0
CLI1350,26,2352.97,354.13,6,1,624,0,N/A,0
CLI1351,33,1720.48,2896.02,9,1,325,1,Lembrete com opção de renegociar,1
CLI1352,28,2641.28,1696.88,3,1,532,0,N/A,0
CLI1353,36,2751.85,2746.57,2,0,727,0,N/A,0
CLI1354,45,4002.63,2680.42,2,1,588,0,N/A,0
CLI1355,35,970.1,465.19,2,0,495,0,N/A,0
CLI1356,44,1600.09,1942.42,12,0,542,0,N/A,0
CLI1357,57,3193.39,1723.85,9,1,319,1,Lembrete com opção de renegociar,0
CLI1358,18,1904.01,2985.15,3,1,509,0,N/A,0
CLI1359,26,1647.74,1841.99,4,0,754,1,Lembrete com opção de renegociar,1
CLI1360,31,1520.05,757.85,3,1,785,1,Lembrete com opção de renegociar,0
CLI1361,42,4858.44,2295.85,4,0,451,1,Lembrete simples,0
CLI1362,30,2161.01,2830.01,9,1,524,0,N/A,0
CLI1363,52,1516.57,55.76,2,1,560,0,N/A,0
CLI1364,21,1828.52,2870.63,12,0,519,0,N/A,0
CLI1365,50,2125.2,1269.71,3,0,675,0,N/A,0
CLI1366,44,5946.31,1889.14,9,0,437,0,N/A,0
CLI1367,35,1667.9,75.45,3,0,704,0,N/A,0
CLI1368,29,2668.45,1915.83,4,0,465,0,N/A,0
CLI1369,19,1596.5,179.28,2,1,782,0,N/A,0
CLI1370,55,1510.37,1521.92,4,0,740,0,N/A,0
CLI1371,55,1725.75,1462.57,3,1,491,0,N/A,0
CLI1372,27,3099.66,2363.03,3,1,511,0,N/A,0
CLI1373,45,1108.31,1957.29,9,1,710,0,N/A,0
CLI1374,37,1599.42,1111.12,12,0,607,1,Lembrete simples,0
CLI1375,61,1540.87,533.88,2,0,647,0,N/A,0
CLI1376,38,1934.1,834.3,9,0,403,1,Lembrete simples,0
CLI1377,20,900.0,399.81,9,0,547,0,N/A,0
CLI1378,26,1787.47,2646.3,6,1,706,1,Lembrete com opção de renegociar,0
CLI1379,38,1758.23,1613.12,3,1,698,0,N/A,0
CLI1380,28,1369.34,2823.35,6,1,526,0,N/A,0
CLI1381,50,1379.12,792.6,2,1,483,1,Lembrete com opção de renegociar,0
CLI1382,63,2441.68,1658.59,2,1,645,0,N/A,0
CLI1383,20,2151.6,322.71,2,0,387,1,Lembrete com opção de renegociar,1
CLI1384,40,1172.05,1150.2,12,0,699,1,Lembrete com opção de renegociar,1
CLI1385,21,900.0,2029.14,2,1,432,1,Lembrete com opção de renegociar,0
CLI1386,59,4944.11,1568.92,3,0,700,0,N/A,0
CLI1387,46,3066.65,2544.64,3,0,505,1,Lembrete simples,1
CLI1388,33,900.0,551.53,12,0,810,0,N/A,0
CLI1389,63,1437.23,2121.14,2,0,576,0,N/A,0
CLI1390,56,1944.04,641.19,6,0,673,0,N/A,0
CLI1391,27,1415.6,1359.36,3,1,679,0,N/A,0
CLI1392,59,2398.78,384.41,9,1,415,0,N/A,0
CLI1393,59,3300.29,74.0,4,1,705,0,N/A,0
CLI1394,54,3016.03,1420.19,3,0,1000,0,N/A,0
CLI1395,58,4509.12,2742.66,12,0,493,1,Lembrete com opção de renegociar,0
CLI1396,30,4033.98,2086.53,12,0,474,0,N/A,0
CLI1397,52,3430.24,2600.5,6,1,645,0,N/A,0
CLI1398,54,2770.02,2526.56,6,1,342,1,Lembrete com opção de renegociar,0
CLI1399,40,2552.35,2848.39,2,1,916,0,N/A,0
CLI1400,23,1280.33,1949.26,2,0,649,0,N/A,0
CLI1401,33,1339.6,532.31,4,1,666,0,N/A,0
CLI1402,21,3511.47,1888.06,3,0,390,0,N/A,0
CLI1403,55,1990.96,2601.61,4,0,450,1,Lembrete com opção de renegociar,0
CLI1404,40,2241.94,228.1,9,0,485,0,N/A,0
CLI1405,64,900.0,1469.69,4,0,750,0,N/A,0
CLI1406,32,1817.68,99.63,9,1,469,1,Lembrete com opção de renegociar,1
CLI1407,54,5074.1,2080.96,3,1,857,0,N/A,0
CLI1408,37,1442.63,919.92,12,0,705,0,N/A,0
CLI1409,62,2224.78,1096.99,4,0,666,0,N/A,0
CLI1410,55,1095.4,400.96,3,0,782,0,N/A,0
CLI1411,64,2304.89,2872.85,2,0,593,1,Lembrete com opção de renegociar,0
CLI1412,41,2455.16,2542.6,2,0,647,0,N/A,0
CLI1413,23,4041.82,957.5,6,1,710,0,N/A,0
CLI1414,42,2962.49,1977.19,3,0,780,0,N/A,0
CLI1415,29,1496.27,1328.72,3,0,300,1,Lembrete simples,0
CLI1416,44,1344.68,569.01,6,1,693,0,N/A,0
CLI1417,52,1765.11,878.46,12,0,537,0,N/A,0
CLI1418,34,1955.96,1315.03,3,0,509,0,N/A,0
CLI1419,59,2653.35,2744.22,3,0,793,0,N/A,0
CLI1420,37,2700.7,331.29,4,0,540,0,N/A,0
CLI1421,52,1714.01,1468.75,2,1,768,1,Lembrete com opção de renegociar,0
CLI1422,28,1582.13,1752.33,4,1,629,0,N/A,0
CLI1423,22,1877.05,1307.9,9,1,428,0,N/A,0
CLI1424,21,2141.51,404.87,2,1,636,0,N/A,0
CLI1425,22,1366.77,1425.11,2,0,807,0,N/A,0
CLI1426,58,4444.21,859.06,3,1,439,0,N/A,0
CLI1427,25,2590.94,2690.71,3,0,639,0,N/A,0
CLI1428,60,1026.66,2018.21,3,0,779,0,N/A,0
CLI1429,20,1822.58,1588.23,3,0,611,1,Lembrete com opção de renegociar,1
CLI1430,57,3621.95,1742.44,12,0,374,0,N/A,0
CLI1431,28,3815.34,189.01,2,0,726,0,N/A,0
CLI1432,26,1881.51,1765.09,4,0,842,0,N/A,0
CLI1433,47,900.0,301.46,3,0,760,0,N/A,0
CLI1434,22,1845.99,2831.52,6,1,650,1,Lembrete com opção de renegociar,1
CLI1435,18,900.0,2309.72,4,0,502,1,Lembrete com opção de renegociar,1
CLI1436,41,5221.69,981.46,6,0,538,0,N/A,0
CLI1437,38,2416.71,2349.71,6,0,714,0,N/A,0
CLI1438,47,1417.29,962.08,2,0,589,0,N/A,0
CLI1439,49,1569.42,1874.53,12,0,696,1,Lembrete com opção de renegociar,0
CLI1440,60,1297.96,2787.35,6,0,600,1,Lembrete com opção de renegociar,0
CLI1441,40,2068.05,2753.37,3,0,530,1,Lembrete com opção de renegociar,1
CLI1442,48,6635.68,588.64,2,0,813,0,N/A,0
CLI1443,18,1270.83,2969.04,3,1,402,0,N/A,0
CLI1444,52,2788.67,725.75,3,1,408,0,N/A,0
CLI1445,38,3006.05,2606.97,12,1,534,0,N/A,0
CLI1446,33,3086.05,394.01,3,0,828,0,N/A,0
CLI1447,38,1833.93,2736.8,12,0,536,1,Lembrete com opção de renegociar,1
CLI1448,35,2035.16,1863.42,4,0,935,0,N/A,0
CLI1449,28,3539.39,2956.85,4,1,414,0,N/A,0
CLI1450,18,1131.34,437.3,2,0,774,0,N/A,0
CLI1451,18,2381.45,2344.24,12,0,847,0,N/A,0
CLI1452,52,4951.95,335.56,2,0,600,0,N/A,0
CLI1453,53,2582.78,1142.4,6,0,525,0,N/A,0
CLI1454,46,2422.42,694.69,6,1,732,0,N/A,0
CLI1455,59,900.0,334.17,2,0,706,0,N/A,0
CLI1456,53,1475.81,65.12,12,1,542,0,N/A,0
CLI1457,39,2293.47,368.77,4,0,350,1,Lembrete com opção de renegociar,0
CLI1458,56,6223.1,1732.69,2,1,475,1,Lembrete com opção de renegociar,0
CLI1459,63,5335.33,68.89,3,1,616,0,N/A,0
CLI1460,42,900.0,1719.07,12,0,580,1,Lembrete simples,0
CLI1461,40,2678.93,2983.99,2,0,807,0,N/A,0
CLI1462,41,1249.45,2576.47,2,1,784,0,N/A,0
CLI1463,46,1583.78,2061.14,3,1,810,0,N/A,0
CLI1464,29,1857.87,704.92,12,0,342,1,Lembrete simples,0
CLI1465,29,1279.72,1875.83,2,1,571,0,N/A,0
CLI1466,40,2725.64,1836.17,12,0,341,1,Lembrete com opção de renegociar,1
CLI1467,46,2017.51,1822.75,9,0,793,1,Lembrete com opção de renegociar,1
CLI1468,54,1130.51,547.0,9,0,482,1,Lembrete simples,0
CLI1469,20,3127.0,774.93,4,0,667,0,N/A,0
CLI1470,47,2182.6,486.75,3,0,396,1,Lembrete com opção de renegociar,0
CLI1471,57,1220.11,2164.87,4,1,522,0,N/A,0
CLI1472,59,1745.98,949.87,9,1,668,1,Lembrete simples,0
CLI1473,60,1324.21,1930.43,3,0,568,1,Lembrete com opção de renegociar,0
CLI1474,26,2043.95,954.26,3,0,717,0,N/A,0
CLI1475,56,2588.14,1414.16,3,0,579,0,N/A,0
CLI1476,44,2626.81,2230.01,2,0,706,0,N/A,0
CLI1477,35,2367.68,1912.46,6,1,826,0,N/A,0
CLI1478,34,3089.1,1225.95,2,0,780,0,N/A,0
CLI1479,25,4226.3,713.9,4,0,691,0,N/A,0
CLI1480,22,1464.13,1662.18,6,0,591,1,Lembrete simples,0
CLI1481,64,1231.05,2287.67,6,0,503,1,Lembrete com opção de renegociar,1
CLI1482,21,1717.94,862.43,9,1,518,0,N/A,0
CLI1483,41,1761.41,2227.32,6,0,908,0,N/A,0
CLI1484,64,1836.27,708.53,9,1,516,0,N/A,0
CLI1485,46,1106.47,1412.83,2,1,688,0,N/A,0
CLI1486,62,900.0,225.6,3,0,743,0,N/A,0
CLI1487,54,2301.62,2597.99,2,1,397,1,Lembrete simples,0
CLI1488,49,3532.13,1208.02,3,1,863,0,N/A,0
CLI1489,58,2078.63,954.1,2,1,511,1,Lembrete com opção de renegociar,1
CLI1490,39,1212.25,1321.9,3,0,543,0,N/A,0
CLI1491,18,1304.33,1852.31,9,0,497,1,Lembrete com opção de renegociar,1
CLI1492,46,1412.99,2087.27,4,1,818,0,N/A,0
CLI1493,25,915.52,760.69,2,0,756,0,N/A,0
CLI1494,61,3208.91,1506.98,4,1,547,0,N/A,0
CLI1495,44,4658.34,1664.09,4,1,654,0,N/A,0
CLI1496,23,1710.08,2011.07,4,0,605,0,N/A,0
CLI1497,30,1731.12,803.52,4,0,532,0,N/A,0
CLI1498,19,2623.51,1571.22,2,0,581,1,Lembrete simples,1
CLI1499,39,3212.84,604.01,6,0,753,0,N/A,0
CLI1500,43,1915.2,385.85,12,0,803,0,N/A,0
CLI1501,43,2959.05,2690.06,3,0,540,1,Lembrete simples,0
CLI1502,39,2918.34,1825.01,4,0,673,0,N/A,0
CLI1503,56,2259.75,1049.27,12,1,796,1,Lembrete com opção de renegociar,0
CLI1504,61,1362.76,1027.04,9,0,779,0,N/A,0
CLI1505,55,1340.55,2273.1,2,0,817,0,N/A,0
CLI1506,43,3249.1,2590.75,2,0,381,1,Lembrete com opção de renegociar,0
CLI1507,22,1428.19,737.0,2,1,525,0,N/A,0
CLI1508,47,1507.45,1974.82,6,0,663,0,N/A,0
CLI1509,40,2390.94,1210.76,12,0,628,0,N/A,0
CLI1510,50,5777.15,2907.91,3,0,519,0,N/A,0
CLI1511,40,2661.73,617.38,4,1,409,0,N/A,0
CLI1512,52,3175.62,1777.19,3,1,487,0,N/A,0
CLI1513,28,1058.82,1867.28,12,1,472,1,Lembrete simples,1
CLI1514,31,2504.07,2661.64,4,0,348,1,Lembrete com opção de renegociar,1
CLI1515,53,900.0,2835.53,4,0,556,1,Lembrete simples,0
CLI1516,51,1353.24,2036.61,3,1,821,0,N/A,0
CLI1517,56,1035.11,2262.32,6,0,816,0,N/A,0
CLI1518,57,1812.88,2966.75,6,1,372,0,N/A,0
CLI1519,34,2378.49,1355.78,2,1,875,0,N/A,0
CLI1520,22,2735.64,2878.16,4,0,723,0,N/A,0
CLI1521,41,900.0,1595.13,9,1,661,0,N/A,0
CLI1522,18,3760.78,1676.96,6,0,691,0,N/A,0
CLI1523,36,1545.16,926.32,3,1,564,0,N/A,0
CLI1524,27,1807.34,1874.59,12,0,530,1,Lembrete simples,1
CLI1525,24,1131.94,1229.86,4,0,646,0,N/A,0
CLI1526,35,900.0,191.43,6,1,609,0,N/A,0
CLI1527,20,2797.06,2795.78,6,0,683,1,Lembrete com opção de renegociar,0
CLI1528,32,1742.32,820.64,3,0,584,1,Lembrete simples,0
CLI1529,64,2195.6,86.32,3,0,627,0,N/A,0
CLI1530,20,900.0,2144.83,12,0,603,0,N/A,0
CLI1531,49,1327.03,1983.12,6,0,472,1,Lembrete simples,0
CLI1532,26,1618.25,68.05,3,1,804,0,N/A,0
CLI1533,31,1519.69,305.04,3,0,724,0,N/A,0
CLI1534,46,3185.03,1792.56,12,1,960,0,N/A,0
CLI1535,59,900.0,2466.16,3,1,712,1,Lembrete simples,1
CLI1536,44,900.0,179.18,2,0,438,1,Lembrete simples,0
CLI1537,57,1433.15,1323.31,4,1,466,0,N/A,0
CLI1538,36,1765.54,2274.28,6,0,391,1,Lembrete com opção de renegociar,1
CLI1539,38,4149.12,865.69,2,1,612,0,N/A,0
CLI1540,41,1351.05,1504.58,2,1,526,0,N/A,0
CLI1541,46,1318.33,2720.53,2,0,631,1,Lembrete com opção de renegociar,0
CLI1542,46,2821.22,867.63,9,1,434,0,N/A,0
CLI1543,33,1994.06,816.33,4,0,737,0,N/A,0
CLI1544,63,2445.63,822.06,2,0,548,0,N/A,0
CLI1545,51,2091.11,1284.01,4,1,681,0,N/A,0
CLI1546,18,3702.53,2692.73,4,1,300,0,N/A,0
CLI1547,19,3118.89,1423.97,12,1,627,0,N/A,0
CLI1548,42,1728.72,763.62,3,0,714,0,N/A,0
CLI1549,57,3635.29,793.63,12,0,614,1,Lembrete com opção de renegociar,0
CLI1550,54,1540.93,2337.15,9,0,523,1,Lembrete simples,0
CLI1551,60,2676.13,2737.3,4,0,512,1,Lembrete com opção de renegociar,1
CLI1552,40,1994.53,2847.07,12,0,683,1,Lembrete simples,0
CLI1553,61,900.0,466.09,3,0,742,0,N/A,0
CLI1554,19,2240.52,108.3,3,1,434,0,N/A,0
CLI1555,38,1570.86,2312.92,4,0,619,0,N/A,0
CLI1556,26,2706.58,2710.82,4,1,493,1,Lembrete com opção de renegociar,1
CLI1557,41,3093.08,260.99,2,0,852,0,N/A,0
CLI1558,64,1292.15,1721.52,9,1,588,1,Lembrete simples,0
CLI1559,45,900.0,2803.18,6,1,536,1,Lembrete simples,0
CLI1560,53,2292.76,1628.0,3,1,469,1,Lembrete simples,0
CLI1561,32,1843.88,1334.17,2,0,543,0,N/A,0
CLI1562,40,1306.22,2933.1,3,0,553,1,Lembrete simples,0
CLI1563,43,2259.83,604.64,6,0,672,0,N/A,0
CLI1564,43,913.88,200.21,6,1,491,0,N/A,0
CLI1565,64,2219.37,2426.57,4,1,631,0,N/A,0
CLI1566,48,3716.98,2443.96,2,0,617,1,Lembrete com opção de renegociar,0
CLI1567,60,900.0,1944.44,4,1,541,1,Lembrete com opção de renegociar,0
CLI1568,30,900.0,1781.24,2,1,613,1,Lembrete simples,0
CLI1569,64,3103.94,2330.07,9,1,624,0,N/A,0
CLI1570,63,1736.88,65.54,2,1,650,0,N/A,0
CLI1571,41,2581.83,514.81,2,1,846,0,N/A,0
CLI1572,56,1529.29,91.93,6,0,864,0,N/A,0
CLI1573,42,2448.43,1809.06,9,1,844,0,N/A,0
CLI1574,40,956.47,2376.29,4,1,534,1,Lembrete simples,0
CLI1575,45,1129.56,2483.36,9,0,568,1,Lembrete simples,0
CLI1576,20,1046.82,1951.94,2,0,744,0,N/A,0
CLI1577,36,1929.17,2537.27,6,0,527,0,N/A,0
CLI1578,61,1384.31,2788.16,4,0,478,1,Lembrete com opção de renegociar,0
CLI1579,55,1359.74,85.72,12,1,612,0,N/A,0
CLI1580,35,1227.7,2378.43,3,1,425,1,Lembrete simples,1
CLI1581,35,7639.81,834.18,6,1,608,0,N/A,0
CLI1582,22,2459.62,1716.08,4,0,642,0,N/A,0
CLI1583,43,2871.52,229.89,6,0,839,0,N/A,0
CLI1584,47,2980.17,1401.11,12,0,591,1,Lembrete com opção de renegociar,0
CLI1585,29,1561.78,1720.96,2,0,686,0,N/A,0
CLI1586,55,953.55,1991.83,12,0,591,1,Lembrete com opção de renegociar,0
CLI1587,49,3042.52,2415.41,6,0,477,0,N/A,0
CLI1588,21,1021.68,350.67,4,0,524,1,Lembrete simples,0
CLI1589,48,4621.63,1981.21,3,0,1000,0,N/A,0
CLI1590,31,1387.61,1327.91,3,1,689,0,N/A,0
CLI1591,23,1310.81,1281.93,4,0,714,0,N/A,0
CLI1592,57,900.0,2041.37,12,0,550,1,Lembrete com opção de renegociar,0
CLI1593,18,2086.04,2632.55,2,0,467,1,Lembrete com opção de renegociar,1
CLI1594,60,3762.77,179.66,2,1,438,0,N/A,0
CLI1595,62,2367.44,2496.0,3,1,729,0,N/A,0
CLI1596,33,2040.13,2225.38,6,0,300,1,Lembrete simples,1
CLI1597,54,1788.99,2659.95,4,1,730,1,Lembrete com opção de renegociar,1
CLI1598,62,1105.46,1165.81,6,0,686,1,Lembrete simples,1
CLI1599,31,2033.24,802.32,2,0,544,0,N/A,0
CLI1600,50,2609.66,1329.26,6,0,731,0,N/A,0
CLI1601,50,2158.55,992.38,12,1,876,0,N/A,0
CLI1602,29,4443.06,2214.42,3,1,790,0,N/A,0
CLI1603,61,5055.05,340.77,2,0,300,1,Lembrete com opção de renegociar,0
CLI1604,19,7272.58,2552.91,2,0,445,0,N/A,0
CLI1605,50,2293.68,2836.44,12,0,540,0,N/A,0
CLI1606,57,1839.69,2506.98,2,1,632,0,N/A,0
CLI1607,24,1449.42,2505.96,12,1,598,1,Lembrete com opção de renegociar,0
CLI1608,21,1792.86,1998.6,3,1,540,0,N/A,0
CLI1609,56,1303.64,1956.87,4,0,517,0,N/A,0
CLI1610,48,3958.0,752.62,2,1,885,0,N/A,0
CLI1611,22,3375.48,567.08,6,0,596,0,N/A,0
CLI1612,45,2668.09,1559.7,6,1,522,0,N/A,0
CLI1613,58,900.0,2216.0,6,0,764,1,Lembrete com opção de renegociar,1
CLI1614,48,1905.33,2087.32,6,1,515,1,Lembrete com opção de renegociar,0
CLI1615,44,2867.52,1397.04,3,0,745,0,N/A,0
CLI1616,64,1643.4,2725.44,9,1,551,1,Lembrete com opção de renegociar,0
CLI1617,59,2059.88,1904.91,4,0,616,1,Lembrete com opção de renegociar,0
CLI1618,44,2695.02,2692.87,9,0,478,0,N/A,0
CLI1619,45,2646.85,1016.39,12,0,774,0,N/A,0
CLI1620,43,2994.54,1117.37,4,1,439,1,Lembrete com opção de renegociar,0
CLI1621,20,1711.87,2085.83,2,0,300,1,Lembrete com opção de renegociar,0
CLI1622,39,1371.79,760.15,2,1,605,0,N/A,0
CLI1623,62,5060.89,2449.63,12,1,533,0,N/A,0
CLI1624,38,3146.41,1340.12,3,0,351,0,N/A,0
CLI1625,28,1630.67,746.4,6,0,534,0,N/A,0
CLI1626,51,2255.3,1316.21,3,1,681,0,N/A,0
CLI1627,55,1358.33,1814.93,2,0,468,1,Lembrete com opção de renegociar,1
CLI1628,62,2015.67,2374.49,6,0,485,0,N/A,0
CLI1629,36,1361.72,1004.1,4,0,582,0,N/A,0
CLI1630,63,1472.47,1866.3,2,1,649,0,N/A,0
CLI1631,35,3345.03,2305.35,6,1,680,0,N/A,0
CLI1632,64,3164.09,2232.31,9,0,793,0,N/A,0
CLI1633,35,3072.67,385.21,2,0,592,0,N/A,0
CLI1634,52,2411.54,1379.37,6,0,374,0,N/A,0
CLI1635,26,2417.86,952.58,4,0,330,0,N/A,0
CLI1636,31,2024.68,2817.37,2,1,768,1,Lembrete simples,1
CLI1637,23,2308.88,2616.21,4,0,495,0,N/A,0
CLI1638,40,900.0,1056.44,3,0,775,0,N/A,0
CLI1639,58,1259.07,2582.65,3,0,395,1,Lembrete com opção de renegociar,1
CLI1640,36,3139.3,2273.2,6,1,642,0,N/A,0
CLI1641,19,2272.5,317.82,2,0,537,0,N/A,0
CLI1642,63,4087.71,755.48,2,0,596,0,N/A,0
CLI1643,50,2482.51,571.28,3,0,655,0,N/A,0
CLI1644,25,4130.48,130.66,4,0,608,0,N/A,0
CLI1645,22,1027.33,1875.55,3,1,331,1,Lembrete com opção de renegociar,0
CLI1646,47,900.0,1460.03,4,1,590,0,N/A,0
CLI1647,30,2623.25,1307.9,12,1,536,0,N/A,0
CLI1648,54,1275.29,183.04,2,1,636,0,N/A,0
CLI1649,18,2220.1,2738.82,9,1,532,1,Lembrete com opção de renegociar,0
CLI1650,55,3040.28,1297.74,3,0,561,0,N/A,0
CLI1651,20,3060.0,1586.39,12,1,539,1,Lembrete com opção de renegociar,0
CLI1652,39,1656.35,595.14,2,0,300,1,Lembrete com opção de renegociar,0
CLI1653,40,2590.64,1708.55,3,1,678,0,N/A,0
CLI1654,27,1009.28,1326.59,4,1,736,1,Lembrete com opção de renegociar,0
CLI1655,48,3474.27,2985.35,4,1,840,0,N/A,0
CLI1656,40,900.0,1645.25,2,0,672,1,Lembrete simples,1
CLI1657,41,2016.47,639.23,2,1,374,0,N/A,0
CLI1658,61,4947.89,395.05,2,0,740,0,N/A,0
CLI1659,28,1911.76,884.87,4,0,640,0,N/A,0
CLI1660,26,2111.86,1113.85,9,0,543,0,N/A,0
CLI1661,29,3613.96,2509.61,2,0,833,0,N/A,0
CLI1662,57,3919.39,1404.83,9,0,536,0,N/A,0
CLI1663,21,1350.14,750.9,9,1,484,1,Lembrete simples,0
CLI1664,25,1205.39,930.04,12,1,645,0,N/A,0
CLI1665,34,1107.87,2965.46,3,0,611,1,Lembrete com opção de renegociar,0
CLI1666,24,1303.57,2961.47,2,0,659,1,Lembrete simples,0
CLI1667,25,5057.42,109.07,9,0,417,0,N/A,0
CLI1668,31,1415.14,1855.31,2,0,413,1,Lembrete com opção de renegociar,1
CLI1669,34,3192.56,1642.6,4,1,796,0,N/A,0
CLI1670,20,3328.71,2493.05,4,0,604,0,N/A,0
CLI1671,57,3801.36,1798.67,6,1,615,0,N/A,0
CLI1672,22,3634.12,189.1,12,1,510,0,N/A,0
CLI1673,20,1381.03,1291.15,6,0,443,0,N/A,0
CLI1674,47,900.0,2940.09,3,0,580,1,Lembrete simples,1
CLI1675,55,1915.39,2598.81,4,0,546,0,N/A,0
CLI1676,31,1163.6,1498.99,2,1,777,0,N/A,0
CLI1677,42,5093.17,1400.62,3,0,493,0,N/A,0
CLI1678,18,1286.16,134.74,4,1,378,0,N/A,0
CLI1679,39,2577.51,1413.03,9,0,610,0,N/A,0
CLI1680,53,1169.98,408.87,2,0,564,1,Lembrete simples,0
CLI1681,61,1721.7,1307.21,6,0,811,0,N/A,0
CLI1682,44,1278.77,1047.8,6,1,755,0,N/A,0
CLI1683,47,1830.11,1556.75,3,1,610,0,N/A,0
CLI1684,33,5967.18,2382.19,2,0,450,0,N/A,0
CLI1685,22,3423.67,2642.99,3,0,477,1,Lembrete com opção de renegociar,1
CLI1686,39,1105.13,1010.61,6,0,544,1,Lembrete com opção de renegociar,1
CLI1687,64,2518.57,774.57,6,1,300,1,Lembrete com opção de renegociar,0
CLI1688,45,1697.04,2269.6,3,0,825,0,N/A,0
CLI1689,62,2140.14,1528.2,4,0,619,0,N/A,0
CLI1690,28,2814.24,470.67,6,0,300,1,Lembrete com opção de renegociar,0
CLI1691,45,1865.2,734.62,4,1,756,0,N/A,0
CLI1692,18,991.44,1225.8,3,0,798,0,N/A,0
CLI1693,39,2372.17,939.07,3,0,478,1,Lembrete com opção de renegociar,0
CLI1694,43,2220.55,2791.58,2,0,707,0,N/A,0
CLI1695,63,1106.94,1221.06,2,0,504,0,N/A,0
CLI1696,21,2156.56,263.96,9,0,757,0,N/A,0
CLI1697,23,2852.26,1804.81,2,0,371,0,N/A,0
CLI1698,18,1255.02,306.22,4,0,643,0,N/A,0
CLI1699,63,4214.94,2887.95,4,0,636,1,Lembrete com opção de renegociar,1
CLI1700,35,2374.5,991.4,2,1,789,0,N/A,0
CLI1701,28,3634.37,1277.53,3,0,407,1,Lembrete com opção de renegociar,0
CLI1702,57,3508.61,2503.21,4,1,537,0,N/A,0
CLI1703,41,2113.96,425.65,2,0,651,0,N/A,0
CLI1704,57,2402.84,988.24,4,0,903,0,N/A,0
CLI1705,20,1405.62,485.53,2,0,586,0,N/A,0
CLI1706,37,1117.61,2819.06,3,0,586,1,Lembrete simples,0
CLI1707,40,2394.73,643.45,4,0,431,0,N/A,0
CLI1708,30,1228.88,1612.45,3,0,542,0,N/A,0
CLI1709,42,1700.02,255.27,2,1,505,0,N/A,0
CLI1710,20,2912.05,807.19,9,1,745,0,N/A,0
CLI1711,25,2295.25,252.73,4,0,363,1,Lembrete simples,1
CLI1712,46,3143.29,1748.36,12,1,622,0,N/A,0
CLI1713,55,3590.13,2684.04,9,0,798,0,N/A,0
CLI1714,25,5716.91,1780.0,9,0,495,0,N/A,0
CLI1715,59,2798.18,839.02,4,1,369,0,N/A,0
CLI1716,53,2104.0,1706.69,6,0,521,1,Lembrete simples,1
CLI1717,50,1997.59,1082.32,4,0,560,0,N/A,0
CLI1718,43,6923.82,120.12,12,1,587,0,N/A,0
CLI1719,59,5428.15,1511.96,12,1,823,0,N/A,0
CLI1720,38,2148.66,129.84,12,1,478,1,Lembrete simples,0
CLI1721,23,2522.76,719.14,9,0,751,0,N/A,0
CLI1722,53,1040.55,521.92,9,1,683,1,Lembrete simples,1
CLI1723,33,937.41,2473.58,3,0,540,1,Lembrete com opção de renegociar,1
CLI1724,58,4392.03,586.44,2,0,645,0,N/A,0
CLI1725,22,1231.9,811.8,6,0,604,1,Lembrete simples,0
CLI1726,45,1304.55,1097.97,3,0,690,0,N/A,0
CLI1727,26,2797.08,1171.97,12,0,782,0,N/A,0
CLI1728,19,3449.34,1017.96,6,0,630,1,Lembrete com opção de renegociar,1
CLI1729,38,981.74,754.13,2,0,892,0,N/A,0
CLI1730,20,1820.54,552.34,9,0,300,1,Lembrete simples,1
CLI1731,64,2029.5,2042.83,12,0,592,0,N/A,0
CLI1732,61,2938.54,382.2,6,1,719,0,N/A,0
CLI1733,31,1995.23,1886.03,2,1,590,1,Lembrete simples,0
CLI1734,26,3220.66,1325.73,6,1,749,0,N/A,0
CLI1735,39,1898.46,1946.9,4,1,543,1,Lembrete simples,0
CLI1736,29,3438.08,375.99,6,1,615,0,N/A,0
CLI1737,18,2781.67,2361.65,12,1,607,0,N/A,0
CLI1738,28,2461.4,374.47,2,0,619,1,Lembrete simples,0
CLI1739,59,3417.63,2206.75,3,0,942,0,N/A,0
CLI1740,51,4564.04,2451.52,12,0,682,0,N/A,0
CLI1741,45,1603.37,1737.34,2,0,715,0,N/A,0
CLI1742,49,2033.87,770.37,9,1,538,0,N/A,0
CLI1743,29,3075.55,991.04,2,1,581,0,N/A,0
CLI1744,49,2939.27,97.62,3,1,510,0,N/A,0
CLI1745,54,1231.68,1603.85,9,1,521,0,N/A,0
CLI1746,51,2779.03,1388.84,4,1,482,0,N/A,0
CLI1747,27,1775.74,126.05,4,0,701,0,N/A,0
CLI1748,47,1070.95,2460.97,6,1,824,1,Lembrete simples,0
CLI1749,32,2620.18,1322.19,2,1,626,0,N/A,0
CLI1750,20,1909.66,2383.87,3,0,491,1,Lembrete com opção de renegociar,0
CLI1751,27,3278.92,1159.32,3,0,608,0,N/A,0
CLI1752,29,6103.8,2778.29,2,0,485,0,N/A,0
CLI1753,19,4419.22,1835.38,3,1,654,0,N/A,0
CLI1754,52,3102.91,2155.59,9,1,701,0,N/A,0
CLI1755,35,1234.32,2712.03,6,0,407,1,Lembrete com opção de renegociar,1
CLI1756,23,1252.03,2737.91,9,0,750,0,N/A,0
CLI1757,56,900.0,1338.03,6,1,438,1,Lembrete simples,0
CLI1758,49,4174.28,241.07,4,0,536,0,N/A,0
CLI1759,32,2367.54,1252.01,6,0,388,0,N/A,0
CLI1760,35,3147.45,1498.11,4,0,503,1,Lembrete simples,0
CLI1761,40,2004.42,193.27,6,1,812,0,N/A,0
CLI1762,34,1958.14,385.31,3,1,547,1,Lembrete simples,0
CLI1763,23,1598.44,2947.51,3,0,556,1,Lembrete simples,1
CLI1764,57,2407.02,2571.46,6,0,691,0,N/A,0
CLI1765,38,1292.96,528.51,6,1,300,1,Lembrete com opção de renegociar,0
CLI1766,20,1257.32,1934.04,4,1,722,1,Lembrete com opção de renegociar,1
CLI1767,40,1577.47,2088.91,3,0,763,0,N/A,0
CLI1768,22,900.0,1351.6,6,1,589,1,Lembrete simples,0
CLI1769,64,4851.96,2462.91,2,0,544,0,N/A,0
CLI1770,51,3410.24,1867.71,3,0,841,0,N/A,0
CLI1771,57,921.53,867.81,4,0,599,0,N/A,0
CLI1772,50,2501.88,940.09,2,0,775,0,N/A,0
CLI1773,42,979.66,73.65,9,1,546,0,N/A,0
CLI1774,28,1368.92,2718.5,2,1,665,1,Lembrete com opção de renegociar,0
CLI1775,34,1323.99,1734.38,6,1,521,1,Lembrete com opção de renegociar,1
CLI1776,59,4903.46,327.48,12,1,427,0,N/A,0
CLI1777,50,2354.57,1310.95,3,0,947,0,N/A,0
CLI1778,61,1260.41,801.67,3,0,561,0,N/A,0
CLI1779,37,2589.42,916.61,6,0,300,1,Lembrete com opção de renegociar,1
CLI1780,36,1954.81,83.75,2,0,582,0,N/A,0
CLI1781,62,1044.8,2943.82,4,1,514,1,Lembrete simples,0
CLI1782,36,1768.63,418.9,9,0,488,0,N/A,0
CLI1783,18,2841.48,142.37,2,0,815,0,N/A,0
CLI1784,30,3305.77,1374.01,4,0,521,0,N/A,0
CLI1785,63,1292.35,2595.97,2,1,680,1,Lembrete com opção de renegociar,0
CLI1786,39,1044.41,869.88,4,1,773,1,Lembrete com opção de renegociar,0
CLI1787,34,1673.52,1009.04,4,0,679,0,N/A,0
CLI1788,64,1256.8,2383.15,4,0,662,0,N/A,0
CLI1789,45,3197.2,2431.8,4,1,686,0,N/A,0
CLI1790,36,3328.47,1272.7,4,0,552,0,N/A,0
CLI1791,33,2768.16,245.92,2,0,618,0,N/A,0
CLI1792,60,2171.46,2799.11,6,0,300,0,N/A,0
CLI1793,46,2646.47,2105.7,6,0,557,0,N/A,0
CLI1794,37,1508.02,2098.33,9,0,596,1,Lembrete com opção de renegociar,1
CLI1795,28,4079.55,406.42,2,1,482,0,N/A,0
CLI1796,62,2709.56,423.95,4,0,678,0,N/A,0
CLI1797,61,2184.93,1305.37,6,0,805,0,N/A,0
CLI1798,43,1683.13,1189.8,4,1,646,0,N/A,0
CLI1799,18,1470.27,517.08,3,0,551,0,N/A,0
CLI1800,42,2937.34,1156.37,9,1,587,0,N/A,0
CLI1801,50,2786.37,1448.89,6,1,1000,0,N/A,0
CLI1802,57,1292.83,1426.09,4,0,687,0,N/A,0
CLI1803,32,1990.45,106.85,2,1,797,0,N/A,0
CLI1804,55,952.99,2985.54,9,1,721,1,Lembrete com opção de renegociar,1
CLI1805,57,3628.19,541.85,2,1,599,0,N/A,0
CLI1806,32,3400.42,1132.67,9,1,408,0,N/A,0
CLI1807,45,1412.8,2753.5,4,1,664,1,Lembrete simples,0
CLI1808,20,1499.96,2861.94,3,0,382,1,Lembrete com opção de renegociar,1
CLI1809,35,900.0,1065.78,2,1,563,1,Lembrete com opção de renegociar,0
CLI1810,19,900.0,760.58,6,1,900,0,N/A,0
CLI1811,64,3529.59,1132.51,6,0,584,0,N/A,0
CLI1812,20,1639.11,767.58,12,0,479,0,N/A,0
CLI1813,48,1013.14,2584.02,3,0,779,1,Lembrete simples,0
CLI1814,27,1193.85,294.76,2,1,800,0,N/A,0
CLI1815,41,2247.68,2296.38,3,0,561,1,Lembrete com opção de renegociar,1
CLI1816,22,1938.04,1527.58,3,1,311,0,N/A,0
CLI1817,63,2264.97,2778.99,4,0,654,0,N/A,0
CLI1818,62,2546.48,2276.11,2,0,574,0,N/A,0
CLI1819,54,1553.34,1373.8,2,0,901,0,N/A,0
CLI1820,48,1007.93,76.63,4,0,547,0,N/A,0
CLI1821,34,1852.42,2828.78,2,1,347,1,Lembrete simples,0
CLI1822,23,1459.28,2213.02,4,0,803,0,N/A,0
CLI1823,57,2189.2,1369.77,6,1,570,0,N/A,0
CLI1824,63,1366.67,419.9,4,0,558,1,Lembrete simples,1
CLI1825,19,1570.01,1400.91,12,0,687,0,N/A,0
CLI1826,44,1070.01,1933.25,2,1,872,0,N/A,0
CLI1827,50,1297.37,467.75,6,1,379,0,N/A,0
CLI1828,31,1785.04,1340.79,2,0,589,1,Lembrete simples,1
CLI1829,29,3065.47,876.97,2,0,604,0,N/A,0
CLI1830,57,2143.31,975.71,3,1,394,0,N/A,0
CLI1831,29,900.0,1382.61,3,0,713,0,N/A,0
CLI1832,51,4841.75,1985.67,4,1,712,1,Lembrete simples,0
CLI1833,55,5839.83,2202.59,9,1,616,0,N/A,0
CLI1834,42,2215.68,2496.21,6,1,548,1,Lembrete com opção de renegociar,0
CLI1835,44,4958.2,1667.63,3,0,695,0,N/A,0
CLI1836,38,4336.62,2325.23,3,0,653,0,N/A,0
CLI1837,50,1680.31,2459.2,3,1,443,1,Lembrete com opção de renegociar,1
CLI1838,56,1630.24,1765.19,2,1,499,1,Lembrete com opção de renegociar,0
CLI1839,46,2412.81,2703.57,9,1,479,0,N/A,0
CLI1840,36,1594.36,2705.95,6,1,633,1,Lembrete simples,1
CLI1841,19,984.15,2053.34,3,0,679,1,Lembrete com opção de renegociar,0
CLI1842,62,1881.08,2395.91,6,0,538,1,Lembrete simples,0
CLI1843,28,1511.18,1125.94,4,1,954,0,N/A,0
CLI1844,28,900.0,1616.74,6,0,624,1,Lembrete simples,1
CLI1845,58,1551.1,1253.72,2,0,605,0,N/A,0
CLI1846,20,2303.4,1435.72,2,0,392,0,N/A,0
CLI1847,49,2618.45,2213.08,3,0,429,1,Lembrete com opção de renegociar,0
CLI1848,57,1349.49,698.21,2,0,300,1,Lembrete com opção de renegociar,0
CLI1849,49,1016.62,1044.13,4,1,826,0,N/A,0
CLI1850,33,4352.53,229.3,3,0,659,0,N/A,0
CLI1851,63,1662.66,1773.2,6,0,686,0,N/A,0
CLI1852,24,2447.02,2730.04,6,0,417,0,N/A,0
CLI1853,38,1450.87,1425.75,9,1,552,1,Lembrete simples,0
CLI1854,40,2610.12,2396.15,2,1,624,0,N/A,0
CLI1855,26,2166.57,1251.22,2,0,526,0,N/A,0
CLI1856,35,1492.42,2860.52,12,1,952,1,Lembrete com opção de renegociar,1
CLI1857,49,3556.04,1996.59,12,0,641,1,Lembrete simples,0
CLI1858,25,1695.68,1714.31,2,0,571,1,Lembrete simples,0
CLI1859,60,3531.7,1545.61,12,1,763,0,N/A,0
CLI1860,27,900.0,1800.64,4,0,462,1,Lembrete com opção de renegociar,1
CLI1861,45,2763.04,2349.87,2,0,912,0,N/A,0
CLI1862,55,1264.43,2837.84,4,1,783,1,Lembrete com opção de renegociar,0
CLI1863,49,2811.25,1180.7,6,0,707,0,N/A,0
CLI1864,26,2306.13,647.8,4,1,561,0,N/A,0
CLI1865,56,2054.21,2293.22,3,1,815,0,N/A,0
CLI1866,64,3446.8,103.61,9,0,300,1,Lembrete simples,0
CLI1867,18,2078.67,326.35,6,0,522,0,N/A,0
CLI1868,49,4692.84,2471.23,2,0,373,0,N/A,0
CLI1869,41,1469.44,606.86,2,1,801,0,N/A,0
CLI1870,50,1077.41,565.48,2,0,627,0,N/A,0
CLI1871,25,900.0,2187.19,6,1,581,1,Lembrete com opção de renegociar,0
CLI1872,18,2629.76,258.93,6,0,554,0,N/A,0
CLI1873,48,1461.94,1531.57,3,1,689,0,N/A,0
CLI1874,45,1915.02,447.71,6,0,689,0,N/A,0
CLI1875,53,1186.7,832.49,2,0,608,0,N/A,0
CLI1876,38,2333.11,2406.3,3,1,539,0,N/A,0
CLI1877,18,1435.74,135.15,2,0,515,1,Lembrete simples,0
CLI1878,58,1649.6,1027.61,4,0,697,0,N/A,0
CLI1879,20,1984.14,2351.86,4,1,738,0,N/A,0
CLI1880,24,1616.8,2691.37,4,0,421,1,Lembrete com opção de renegociar,0
CLI1881,52,2367.72,111.01,2,0,673,0,N/A,0
CLI1882,31,1089.46,2416.34,4,1,675,1,Lembrete com opção de renegociar,1
CLI1883,63,2580.67,2059.49,6,1,564,0,N/A,0
CLI1884,46,2190.11,2393.78,4,1,483,0,N/A,0
CLI1885,22,1419.13,1315.95,6,0,403,1,Lembrete com opção de renegociar,0
CLI1886,38,3059.28,602.34,3,0,300,1,Lembrete com opção de renegociar,0
CLI1887,35,900.0,161.24,9,1,452,0,N/A,0
CLI1888,57,900.0,878.4,4,0,583,0,N/A,0
CLI1889,40,2121.44,2495.33,3,1,480,1,Lembrete com opção de renegociar,1
CLI1890,36,3607.5,2241.27,4,1,890,0,N/A,0
CLI1891,49,1834.59,2593.93,3,1,585,1,Lembrete simples,1
CLI1892,41,3842.32,636.51,2,1,663,0,N/A,0
CLI1893,32,1152.53,514.72,2,0,779,0,N/A,0
CLI1894,34,3820.46,1941.06,4,1,712,1,Lembrete com opção de renegociar,0
CLI1895,35,1670.56,747.44,3,0,549,0,N/A,0
CLI1896,25,900.0,2380.34,4,0,615,1,Lembrete com opção de renegociar,1
CLI1897,25,3617.78,1046.75,3,0,581,0,N/A,0
CLI1898,53,1477.7,1764.46,9,0,572,1,Lembrete com opção de renegociar,0
CLI1899,18,2878.63,2735.11,2,0,604,1,Lembrete com opção de renegociar,0
CLI1900,39,2081.97,1784.02,2,0,445,1,Lembrete com opção de renegociar,0
CLI1901,47,2850.46,2372.95,12,0,418,0,N/A,0
CLI1902,48,2655.69,520.32,6,0,305,1,Lembrete simples,0
CLI1903,27,2756.7,830.01,12,1,444,0,N/A,0
CLI1904,63,3725.05,1949.98,2,1,512,0,N/A,0
CLI1905,27,3146.21,747.48,2,0,663,0,N/A,0
CLI1906,19,1402.34,210.55,2,0,635,0,N/A,0
CLI1907,38,2014.93,1689.74,9,0,722,1,Lembrete simples,1
CLI1908,34,4724.27,1977.97,12,0,627,0,N/A,0
CLI1909,33,1795.18,1799.3,3,1,720,0,N/A,0
CLI1910,64,4271.48,1523.91,4,1,710,0,N/A,0
CLI1911,60,1268.0,55.64,6,1,761,0,N/A,0
CLI1912,44,1338.26,1440.42,2,0,473,1,Lembrete simples,0
CLI1913,53,1148.6,2279.95,2,0,774,0,N/A,0
CLI1914,20,1217.67,2862.02,3,1,582,1,Lembrete com opção de renegociar,1
CLI1915,37,3332.06,51.12,6,0,599,0,N/A,0
CLI1916,23,2341.85,2626.51,6,1,398,1,Lembrete com opção de renegociar,1
CLI1917,31,2212.23,1816.37,3,0,510,0,N/A,0
CLI1918,20,5090.06,2769.66,6,0,509,0,N/A,0
CLI1919,50,1438.95,1562.7,6,1,308,1,Lembrete com opção de renegociar,0
CLI1920,58,1850.15,1468.84,2,0,488,1,Lembrete simples,0
CLI1921,56,900.0,2966.89,4,0,574,1,Lembrete simples,0
CLI1922,49,2582.66,2203.19,6,1,715,0,N/A,0
CLI1923,29,900.0,1911.81,2,1,451,1,Lembrete com opção de renegociar,0
CLI1924,40,4774.97,355.81,9,0,514,1,Lembrete simples,0
CLI1925,18,1417.36,867.26,6,0,740,0,N/A,0
CLI1926,39,1863.75,344.52,2,1,427,0,N/A,0
CLI1927,61,3857.13,1502.05,4,0,818,0,N/A,0
CLI1928,19,1768.72,600.29,6,0,961,0,N/A,0
CLI1929,32,2700.73,460.02,3,1,376,0,N/A,0
CLI1930,36,1666.68,498.71,6,0,474,0,N/A,0
CLI1931,53,900.0,1203.88,6,0,491,0,N/A,0
CLI1932,28,2457.97,1441.64,12,1,413,1,Lembrete simples,0
CLI1933,52,2237.4,1298.56,6,0,847,0,N/A,0
CLI1934,24,7411.9,726.09,4,0,510,0,N/A,0
CLI1935,28,1314.16,888.65,4,0,809,0,N/A,0
CLI1936,64,1134.18,2246.31,2,1,764,1,Lembrete com opção de renegociar,1
CLI1937,44,1605.28,1051.97,6,0,886,0,N/A,0
CLI1938,64,2200.11,1710.63,2,1,640,0,N/A,0
CLI1939,32,1703.78,1544.49,3,0,537,0,N/A,0
CLI1940,25,2413.1,1961.04,2,0,580,0,N/A,0
CLI1941,47,1583.81,1855.01,4,0,517,0,N/A,0
CLI1942,48,2069.32,632.16,2,0,676,0,N/A,0
CLI1943,60,2603.12,412.77,9,0,702,0,N/A,0
CLI1944,63,5119.92,1864.44,9,1,311,0,N/A,0
CLI1945,42,2705.01,1580.51,9,1,795,0,N/A,0
CLI1946,62,1368.41,1615.82,9,0,691,1,Lembrete com opção de renegociar,0
CLI1947,26,5359.12,1637.79,3,0,559,0,N/A,0
CLI1948,43,1760.31,405.99,12,0,477,0,N/A,0
CLI1949,49,2712.12,2497.89,6,0,716,0,N/A,0
CLI1950,59,2308.42,2854.27,6,0,709,0,N/A,0
CLI1951,60,3718.62,2016.01,6,1,521,1,Lembrete simples,1
CLI1952,42,3952.19,2338.16,2,1,336,1,Lembrete com opção de renegociar,0
CLI1953,32,3836.79,1599.34,3,1,810,0,N/A,0
CLI1954,53,1162.76,1579.84,3,1,315,1,Lembrete com opção de renegociar,1
CLI1955,33,2445.4,967.26,3,0,626,0,N/A,0
CLI1956,28,2639.15,2459.94,12,1,897,0,N/A,0
CLI1957,51,5333.37,83.68,3,0,509,0,N/A,0
CLI1958,28,1632.96,1619.48,6,0,653,0,N/A,0
CLI1959,60,2214.16,2629.91,3,0,524,0,N/A,0
CLI1960,45,4952.49,2803.8,6,1,619,0,N/A,0
CLI1961,62,3231.01,2022.65,3,0,708,0,N/A,0
CLI1962,47,2933.7,1779.42,6,0,924,0,N/A,0
CLI1963,49,3697.89,2981.99,2,0,373,1,Lembrete simples,0
CLI1964,26,2196.41,240.92,3,0,564,0,N/A,0
CLI1965,61,3975.74,788.13,3,0,499,0,N/A,0
CLI1966,26,1094.2,1386.02,2,0,827,0,N/A,0
CLI1967,41,1275.67,1366.33,4,1,859,0,N/A,0
CLI1968,54,900.0,2567.46,3,0,464,1,Lembrete simples,1
CLI1969,34,2110.51,1976.87,4,0,603,1,Lembrete com opção de renegociar,0
CLI1970,23,2657.44,542.03,12,1,654,0,N/A,0
CLI1971,49,981.1,1797.1,6,0,589,0,N/A,0
CLI1972,60,1448.3,2502.23,2,0,605,0,N/A,0
CLI1973,30,3312.96,196.5,6,1,476,0,N/A,0
CLI1974,62,9628.09,272.03,9,0,797,0,N/A,0
CLI1975,37,1849.03,1669.29,9,1,763,0,N/A,0
CLI1976,21,3439.09,1501.46,9,0,457,0,N/A,0
CLI1977,30,2061.62,2654.67,12,0,540,1,Lembrete com opção de renegociar,1
CLI1978,56,1495.64,261.23,2,1,538,0,N/A,0
CLI1979,30,900.0,524.92,6,0,769,0,N/A,0
CLI1980,52,3373.84,171.42,2,1,677,1,Lembrete com opção de renegociar,1
CLI1981,23,1784.72,1265.62,4,1,521,0,N/A,0
CLI1982,34,1387.07,2989.31,9,0,428,1,Lembrete simples,0
CLI1983,53,5056.81,227.03,2,0,507,0,N/A,0
CLI1984,22,2165.15,1106.19,6,1,487,0,N/A,0
CLI1985,44,1982.04,160.9,4,1,403,0,N/A,0
CLI1986,63,9493.83,1046.25,3,0,698,0,N/A,0
CLI1987,35,900.0,2200.53,12,1,772,1,Lembrete com opção de renegociar,0
CLI1988,58,2170.87,423.41,3,0,639,0,N/A,0
CLI1989,39,1246.48,356.45,3,0,730,0,N/A,0
CLI1990,22,2813.76,256.2,6,0,461,0,N/A,0
CLI1991,36,2024.04,2769.35,3,0,437,0,N/A,0
CLI1992,51,1767.99,912.04,6,0,673,0,N/A,0
CLI1993,21,1636.56,2925.07,4,0,666,0,N/A,0
CLI1994,32,3244.22,1033.34,3,0,601,0,N/A,0
CLI1995,21,1309.12,188.83,2,1,581,0,N/A,0
CLI1996,24,3000.44,2918.34,3,0,736,0,N/A,0
CLI1997,40,2824.0,2632.86,2,0,495,0,N/A,0
CLI1998,47,1113.07,1246.17,6,0,884,0,N/A,0
CLI1999,25,900.0,1598.49,9,0,855,0,N/A,0
CLI2000,19,1886.25,590.91,6,0,525,0,N/A,0
CLI2001,31,3293.32,60.39,2,0,573,0,N/A,0
CLI2002,37,3960.42,1730.11,4,1,684,0,N/A,0
CLI2003,56,1434.61,2990.44,4,0,656,0,N/A,0
CLI2004,22,1444.76,1504.07,2,1,828,1,Lembrete com opção de renegociar,0
CLI2005,34,1731.45,366.0,6,0,693,0,N/A,0
CLI2006,54,900.0,2546.19,12,1,545,1,Lembrete com opção de renegociar,1
CLI2007,29,2042.83,106.44,3,0,727,0,N/A,0
CLI2008,37,1698.98,1124.21,4,0,810,0,N/A,0
CLI2009,26,1737.86,367.67,2,0,602,0,N/A,0
CLI2010,52,934.41,2413.97,2,1,489,1,Lembrete simples,0
CLI2011,33,1870.08,833.13,2,0,640,0,N/A,0
CLI2012,58,1389.25,970.56,12,0,693,0,N/A,0
CLI2013,44,2736.46,594.93,3,1,636,0,N/A,0
CLI2014,21,2625.3,2166.22,3,1,674,0,N/A,0
CLI2015,43,1367.42,376.83,3,0,720,0,N/A,0
CLI2016,46,2336.4,2547.17,2,0,653,1,Lembrete simples,1
CLI2017,20,2761.99,1683.94,2,1,719,0,N/A,0
CLI2018,51,1829.91,497.88,4,0,791,0,N/A,0
CLI2019,59,3054.68,2213.71,2,0,321,0,N/A,0
CLI2020,61,1779.2,562.41,4,1,648,0,N/A,0
CLI2021,48,900.0,665.73,2,1,636,1,Lembrete simples,1
CLI2022,40,3402.15,1674.57,12,0,396,1,Lembrete simples,0
CLI2023,43,1041.44,2702.07,6,0,700,0,N/A,0
CLI2024,59,2759.71,2511.05,4,0,632,0,N/A,0
CLI2025,40,1752.58,2104.07,4,0,545,1,Lembrete simples,1
CLI2026,61,3532.83,167.04,12,1,846,0,N/A,0
CLI2027,25,3449.31,1524.34,4,0,632,0,N/A,0
CLI2028,42,1502.26,1844.45,6,0,709,0,N/A,0
CLI2029,49,1960.92,2886.45,12,0,898,0,N/A,0
CLI2030,28,1368.08,431.1,2,1,467,0,N/A,0
CLI2031,33,3066.51,1773.47,4,0,587,0,N/A,0
CLI2032,49,1123.19,2913.94,12,0,489,0,N/A,0
CLI2033,43,1880.93,1612.91,6,0,590,0,N/A,0
CLI2034,40,1773.95,1508.1,4,1,666,0,N/A,0
CLI2035,54,1704.42,796.4,4,1,548,1,Lembrete com opção de renegociar,0
CLI2036,40,3844.98,1666.54,4,1,753,0,N/A,0
CLI2037,49,1231.7,1943.26,3,0,549,0,N/A,0
CLI2038,48,1778.61,2471.08,6,0,416,1,Lembrete simples,1
CLI2039,22,1760.42,1628.55,3,1,680,0,N/A,0
CLI2040,23,1758.23,374.59,6,1,734,0,N/A,0
CLI2041,46,1725.98,1939.09,4,0,681,0,N/A,0
CLI2042,54,3425.98,880.76,2,1,822,0,N/A,0
CLI2043,33,1163.71,2810.28,6,0,837,0,N/A,0
CLI2044,34,2640.74,666.0,2,0,630,0,N/A,0
CLI2045,63,2839.6,2626.92,12,1,746,0,N/A,0
CLI2046,39,3891.71,1606.79,4,0,490,0,N/A,0
CLI2047,20,2842.14,688.3,3,0,873,0,N/A,0
CLI2048,39,900.0,1978.39,3,0,549,0,N/A,0
CLI2049,47,2359.56,2493.0,2,1,772,0,N/A,0
CLI2050,22,3025.4,504.78,3,1,711,0,N/A,0
CLI2051,64,1393.13,422.32,2,1,500,0,N/A,0
CLI2052,39,2956.73,2569.83,3,1,701,0,N/A,0
CLI2053,63,1806.86,359.23,4,0,433,0,N/A,0
CLI2054,25,2848.54,2443.82,3,1,476,0,N/A,0
CLI2055,38,4106.47,2776.52,3,0,464,0,N/A,0
CLI2056,38,1488.36,1414.11,12,0,512,0,N/A,0
CLI2057,38,2044.02,2014.22,3,0,505,1,Lembrete com opção de renegociar,0
CLI2058,64,3717.49,518.12,6,1,477,0,N/A,0
CLI2059,32,2238.61,1304.62,4,0,777,0,N/A,0
CLI2060,20,2020.04,386.18,4,1,448,0,N/A,0
CLI2061,26,2039.26,1101.45,3,0,705,0,N/A,0
CLI2062,25,1726.12,2963.07,2,1,324,1,Lembrete com opção de renegociar,0
CLI2063,40,1475.56,1438.02,3,0,627,0,N/A,0
CLI2064,56,1200.55,1574.18,12,0,629,1,Lembrete com opção de renegociar,1
CLI2065,31,1969.75,2062.18,4,1,477,0,N/A,0
CLI2066,31,1687.44,1314.86,4,0,718,1,Lembrete com opção de renegociar,1
CLI2067,42,1650.04,2107.44,2,1,698,0,N/A,0
CLI2068,32,2941.09,1121.38,9,1,782,0,N/A,0
CLI2069,34,1818.17,659.53,4,0,642,0,N/A,0
CLI2070,24,1464.49,1157.65,6,1,692,0,N/A,0
CLI2071,46,2353.13,351.34,9,1,745,0,N/A,0
CLI2072,56,1032.57,929.18,2,0,656,0,N/A,0
CLI2073,22,2147.43,533.88,2,0,342,0,N/A,0
CLI2074,64,3635.8,184.91,12,0,514,0,N/A,0
CLI2075,57,2326.13,2568.0,3,1,534,0,N/A,0
CLI2076,60,900.0,1154.75,4,0,415,1,Lembrete com opção de renegociar,1
CLI2077,21,3611.48,2708.1,2,1,570,0,N/A,0
CLI2078,37,2005.83,1729.89,2,0,487,0,N/A,0
CLI2079,29,2785.63,1790.58,3,0,670,0,N/A,0
CLI2080,48,1488.11,1625.26,2,0,457,0,N/A,0
CLI2081,54,1667.17,2481.96,3,0,481,1,Lembrete com opção de renegociar,1
CLI2082,34,1504.7,1037.29,9,1,550,0,N/A,0
CLI2083,20,3812.23,2520.95,4,0,701,0,N/A,0
CLI2084,28,2687.43,1975.07,3,1,514,0,N/A,0
CLI2085,26,2441.33,1899.69,2,0,659,0,N/A,0
CLI2086,63,920.74,1110.36,3,1,513,1,Lembrete com opção de renegociar,0
CLI2087,58,4775.16,2279.61,2,0,724,0,N/A,0
CLI2088,20,1288.16,2299.63,12,1,594,0,N/A,0
CLI2089,61,1852.35,739.84,3,1,351,0,N/A,0
CLI2090,49,2068.79,2923.96,12,0,336,1,Lembrete com opção de renegociar,0
CLI2091,23,3974.93,437.47,12,0,522,0,N/A,0
CLI2092,24,900.0,1187.62,6,0,709,0,N/A,0
CLI2093,26,1859.96,497.37,12,0,469,1,Lembrete com opção de renegociar,1
CLI2094,50,2421.39,1547.1,9,0,666,0,N/A,0
CLI2095,57,1403.61,361.2,9,0,787,0,N/A,0
CLI2096,37,1388.85,314.07,3,1,536,0,N/A,0
CLI2097,57,2737.47,2128.91,2,0,748,0,N/A,0
CLI2098,42,1727.99,2129.93,9,1,300,1,Lembrete com opção de renegociar,0
CLI2099,61,1266.36,2767.14,12,0,547,1,Lembrete simples,0
CLI2100,55,5228.81,456.23,9,1,472,0,N/A,0
CLI2101,39,2651.8,988.8,2,0,565,0,N/A,0
CLI2102,51,5194.99,113.25,9,1,565,0,N/A,0
CLI2103,47,5693.66,1278.24,9,1,618,0,N/A,0
CLI2104,28,3719.3,1492.67,4,0,428,0,N/A,0
CLI2105,37,1794.28,1383.3,6,0,637,0,N/A,0
CLI2106,43,1444.54,1525.82,9,0,370,1,Lembrete simples,0
CLI2107,39,1846.77,924.06,3,1,646,1,Lembrete com opção de renegociar,1
CLI2108,45,900.0,473.07,4,0,470,1,Lembrete simples,0
CLI2109,38,2013.98,387.93,3,1,797,0,N/A,0
CLI2110,64,2395.22,881.34,3,1,337,0,N/A,0
CLI2111,41,1861.44,1709.33,9,0,491,1,Lembrete com opção de renegociar,0
CLI2112,21,3694.63,2407.95,3,0,611,0,N/A,0
CLI2113,44,2213.19,1963.1,4,1,692,0,N/A,0
CLI2114,59,1648.94,372.83,2,1,596,0,N/A,0
CLI2115,40,3700.28,1755.17,12,0,627,0,N/A,0
CLI2116,56,5090.74,549.41,3,0,602,0,N/A,0
CLI2117,47,1770.69,562.59,2,0,528,0,N/A,0
CLI2118,44,1761.74,2228.07,3,1,439,1,Lembrete simples,0
CLI2119,48,1232.46,732.03,9,1,424,0,N/A,0
CLI2120,39,958.33,223.84,4,1,611,0,N/A,0
CLI2121,27,2414.15,1302.09,3,0,472,0,N/A,0
CLI2122,45,1658.91,1089.83,2,0,371,0,N/A,0
CLI2123,20,2660.02,1890.72,2,0,457,1,Lembrete com opção de renegociar,1
CLI2124,57,2505.91,975.06,2,1,492,0,N/A,0
CLI2125,41,1569.3,2395.84,2,0,390,1,Lembrete simples,1
CLI2126,29,900.0,2514.36,6,0,610,1,Lembrete simples,0
CLI2127,53,1203.99,1267.44,3,0,710,1,Lembrete com opção de renegociar,0
CLI2128,64,1766.08,1947.18,2,1,749,1,Lembrete simples,0
CLI2129,36,1637.84,1890.53,9,1,581,1,Lembrete simples,1
CLI2130,49,2681.51,2869.2,4,0,780,0,N/A,0
CLI2131,50,1991.12,2167.2,3,0,642,0,N/A,0
CLI2132,33,3723.38,359.06,2,1,858,0,N/A,0
CLI2133,62,2842.39,1327.01,2,1,629,0,N/A,0
CLI2134,60,1477.25,1777.68,4,1,629,0,N/A,0
CLI2135,54,900.0,2220.16,2,0,577,1,Lembrete com opção de renegociar,0
CLI2136,48,3487.9,2364.49,2,1,819,0,N/A,0
CLI2137,33,1030.0,1658.75,4,0,330,0,N/A,0
CLI2138,33,1021.28,866.9,2,0,607,0,N/A,0
CLI2139,29,1933.56,2213.3,2,0,471,1,Lembrete com opção de renegociar,1
CLI2140,27,2855.15,1001.93,4,1,745,0,N/A,0
CLI2141,53,2141.75,1280.77,2,0,638,0,N/A,0
CLI2142,34,2690.69,668.65,4,0,786,1,Lembrete com opção de renegociar,0
CLI2143,50,1482.12,2640.67,2,0,315,0,N/A,0
CLI2144,30,3927.96,458.85,4,0,547,0,N/A,0
CLI2145,32,2148.1,808.63,6,0,300,0,N/A,0
CLI2146,29,1270.66,2112.79,2,0,835,1,Lembrete com opção de renegociar,0
CLI2147,47,2156.94,1785.47,9,0,688,0,N/A,0
CLI2148,53,3280.37,1205.52,12,0,582,1,Lembrete com opção de renegociar,1
CLI2149,36,1447.36,1818.68,12,0,513,1,Lembrete simples,0
CLI2150,34,7082.86,2207.37,3,0,475,0,N/A,0
CLI2151,63,2257.45,1768.21,9,1,378,0,N/A,0
CLI2152,39,3269.39,70.83,3,1,301,1,Lembrete simples,0
CLI2153,43,988.59,1551.25,3,1,653,0,N/A,0
CLI2154,52,1760.26,349.01,3,0,507,0,N/A,0
CLI2155,28,900.0,2201.08,6,0,390,1,Lembrete simples,0
CLI2156,45,2822.75,61.33,6,0,637,0,N/A,0
CLI2157,35,985.16,688.07,4,0,616,1,Lembrete com opção de renegociar,1
CLI2158,25,3372.66,1921.55,6,0,506,0,N/A,0
CLI2159,40,1043.67,2549.27,3,0,586,1,Lembrete com opção de renegociar,0
CLI2160,56,3524.27,140.12,9,0,597,0,N/A,0
CLI2161,45,2422.42,849.37,3,0,759,0,N/A,0
CLI2162,21,3360.59,1745.27,4,1,548,0,N/A,0
CLI2163,31,2697.72,1693.68,3,0,508,0,N/A,0
CLI2164,27,2385.64,2409.12,2,0,869,0,N/A,0
CLI2165,43,3460.72,1276.0,4,0,367,0,N/A,0
CLI2166,32,1817.69,2588.34,4,0,697,1,Lembrete com opção de renegociar,0
CLI2167,31,1100.41,1186.29,4,1,701,0,N/A,0
CLI2168,59,5898.59,1653.94,6,0,671,0,N/A,0
CLI2169,26,1858.95,1372.16,3,1,623,1,Lembrete com opção de renegociar,0
CLI2170,58,3593.43,1623.1,4,1,821,0,N/A,0
CLI2171,56,2764.67,460.52,6,0,434,1,Lembrete com opção de renegociar,0
CLI2172,38,2015.16,2305.6,12,1,670,0,N/A,0
CLI2173,48,2366.25,466.48,6,1,647,0,N/A,0
CLI2174,57,2213.3,1373.02,2,0,652,0,N/A,0
CLI2175,38,2425.88,1928.85,6,1,566,0,N/A,0
CLI2176,58,1433.39,701.4,2,0,540,0,N/A,0
CLI2177,34,1430.29,2959.8,2,1,458,1,Lembrete simples,0
CLI2178,50,916.71,2068.77,6,0,644,1,Lembrete simples,0
CLI2179,43,2859.64,427.65,4,1,551,0,N/A,0
CLI2180,21,8049.28,2965.92,6,0,653,0,N/A,0
CLI2181,39,942.1,1061.81,6,1,562,1,Lembrete simples,1
CLI2182,23,900.0,2556.4,2,0,774,0,N/A,0
CLI2183,51,900.0,1044.46,12,1,564,1,Lembrete simples,1
CLI2184,26,1319.2,1813.57,2,0,602,0,N/A,0
CLI2185,47,1132.05,2199.36,9,0,786,0,N/A,0
CLI2186,31,1720.62,1226.9,12,0,662,0,N/A,0
CLI2187,64,900.0,2952.35,4,0,799,1,Lembrete com opção de renegociar,0
CLI2188,57,2581.86,2671.13,4,1,786,0,N/A,0
CLI2189,61,1505.86,755.98,3,0,670,0,N/A,0
CLI2190,56,3482.0,2048.82,2,0,362,1,Lembrete simples,0
CLI2191,47,2713.2,1329.3,12,0,498,0,N/A,0
CLI2192,51,7731.87,2683.54,12,0,744,0,N/A,0
CLI2193,30,3962.03,506.24,6,0,812,0,N/A,0
CLI2194,58,1823.6,2262.69,2,1,410,0,N/A,0
CLI2195,29,3354.27,1195.15,4,0,581,0,N/A,0
CLI2196,19,2217.42,1558.06,2,0,445,0,N/A,0
CLI2197,39,1128.28,2089.86,6,1,720,1,Lembrete com opção de renegociar,0
CLI2198,45,2229.18,664.95,6,0,654,0,N/A,0
CLI2199,59,1379.95,348.68,3,0,731,1,Lembrete com opção de renegociar,0
CLI2200,46,2693.99,827.98,3,1,501,0,N/A,0
CLI2201,51,2538.75,1258.94,6,1,852,1,Lembrete com opção de renegociar,1
CLI2202,19,2095.62,928.91,9,1,535,0,N/A,0
CLI2203,30,1140.52,691.0,6,0,414,0,N/A,0
CLI2204,43,3107.51,2137.71,3,0,407,0,N/A,0
CLI2205,24,2387.97,2289.24,2,0,399,1,Lembrete com opção de renegociar,0
CLI2206,53,1373.12,2700.77,3,1,448,0,N/A,0
CLI2207,28,4020.66,913.74,12,0,352,1,Lembrete simples,0
CLI2208,63,2147.38,2184.16,3,1,750,0,N/A,0
CLI2209,43,1750.04,287.34,2,0,822,0,N/A,0
CLI2210,37,3289.77,661.23,6,0,671,0,N/A,0
CLI2211,40,2573.76,457.1,3,1,840,0,N/A,0
CLI2212,35,900.0,740.63,9,1,718,1,Lembrete com opção de renegociar,0
CLI2213,56,1269.97,2128.82,2,1,538,1,Lembrete simples,1
CLI2214,47,924.1,573.59,4,0,731,0,N/A,0
CLI2215,50,1060.41,2245.78,12,0,509,1,Lembrete simples,0
CLI2216,24,3444.26,1462.06,9,0,315,0,N/A,0
CLI2217,34,1881.48,2207.34,4,0,782,0,N/A,0
CLI2218,31,1588.86,1565.96,2,0,517,0,N/A,0
CLI2219,32,1362.74,1240.08,9,0,694,0,N/A,0
CLI2220,19,1300.79,2855.37,2,0,622,0,N/A,0
CLI2221,48,1647.87,2227.32,2,0,613,0,N/A,0
CLI2222,35,2345.4,2452.02,3,0,324,1,Lembrete com opção de renegociar,1
CLI2223,52,3260.02,1521.92,2,0,545,0,N/A,0
CLI2224,51,1119.2,208.06,6,0,672,0,N/A,0
CLI2225,18,1385.04,1725.97,6,0,805,0,N/A,0
CLI2226,37,4990.56,1707.27,3,0,438,0,N/A,0
CLI2227,60,3053.86,2618.07,6,1,578,0,N/A,0
CLI2228,46,900.0,2023.6,4,1,708,1,Lembrete simples,0
CLI2229,23,2829.76,102.28,4,0,707,0,N/A,0
CLI2230,38,1327.72,835.8,9,0,847,0,N/A,0
CLI2231,37,1623.86,2284.42,2,1,300,0,N/A,0
CLI2232,58,2534.02,1545.73,9,0,632,0,N/A,0
CLI2233,19,1424.21,2144.22,6,0,461,1,Lembrete simples,0
CLI2234,63,1073.87,1637.48,3,0,597,0,N/A,0
CLI2235,33,3618.98,1198.53,9,0,389,1,Lembrete com opção de renegociar,0
CLI2236,33,2228.06,2574.06,4,0,842,0,N/A,0
CLI2237,35,3069.32,737.84,9,0,598,0,N/A,0
CLI2238,27,2003.13,86.38,2,0,746,0,N/A,0
CLI2239,43,2153.21,252.04,9,0,423,0,N/A,0
CLI2240,51,2322.39,351.83,9,0,700,0,N/A,0
CLI2241,20,2240.26,1692.15,4,1,518,0,N/A,0
CLI2242,56,2404.71,1415.7,6,1,623,0,N/A,0
CLI2243,18,1941.9,780.28,4,1,711,0,N/A,0
CLI2244,46,3103.86,237.51,6,1,501,0,N/A,0
CLI2245,18,1143.57,2101.69,2,0,523,1,Lembrete com opção de renegociar,0
CLI2246,26,1975.58,2423.84,3,1,660,0,N/A,0
CLI2247,24,3755.47,2196.76,12,1,685,0,N/A,0
CLI2248,46,1109.37,1851.21,6,1,597,1,Lembrete simples,0
CLI2249,46,1785.2,2518.76,2,1,480,1,Lembrete simples,1
CLI2250,50,1887.39,1068.12,2,0,749,0,N/A,0
CLI2251,35,1689.9,556.23,4,0,510,0,N/A,0
CLI2252,39,1358.72,2451.42,6,0,694,0,N/A,0
CLI2253,51,2163.29,1716.41,2,1,420,0,N/A,0
CLI2254,25,2869.82,858.42,2,1,600,0,N/A,0
CLI2255,22,2685.9,2738.32,2,0,617,0,N/A,0
CLI2256,23,2098.44,1076.5,2,1,478,0,N/A,0
CLI2257,55,3517.74,2902.23,9,0,645,0,N/A,0
CLI2258,48,3448.52,2257.78,6,0,485,1,Lembrete com opção de renegociar,0
CLI2259,47,1372.65,1001.21,3,0,646,0,N/A,0
CLI2260,51,2276.53,2875.16,2,1,909,0,N/A,0
CLI2261,23,1282.39,70.1,2,0,788,0,N/A,0
CLI2262,42,1720.86,964.45,4,0,841,0,N/A,0
CLI2263,18,1826.69,2586.94,4,1,848,0,N/A,0
CLI2264,57,1414.5,768.46,6,0,459,1,Lembrete com opção de renegociar,0
CLI2265,34,1538.49,2127.37,2,0,727,0,N/A,0
CLI2266,34,1899.17,2276.82,4,0,539,0,N/A,0
CLI2267,30,2145.47,1158.45,2,0,588,0,N/A,0
CLI2268,40,1193.8,677.21,3,1,823,0,N/A,0
CLI2269,21,1775.03,1223.73,4,1,359,0,N/A,0
CLI2270,38,2798.21,410.95,6,0,691,0,N/A,0
CLI2271,22,2137.09,1578.03,4,1,584,0,N/A,0
CLI2272,24,1859.74,2863.1,9,1,575,1,Lembrete simples,1
CLI2273,55,1385.49,2658.93,2,1,387,1,Lembrete com opção de renegociar,0
CLI2274,32,1399.88,1811.64,6,0,859,0,N/A,0
CLI2275,24,4143.5,1947.41,4,0,555,0,N/A,0
CLI2276,25,900.0,1778.9,12,0,518,0,N/A,0
CLI2277,24,1174.58,2169.59,2,0,709,1,Lembrete simples,1
CLI2278,55,1602.89,695.12,9,0,582,0,N/A,0
CLI2279,51,3343.54,887.15,9,0,583,0,N/A,0
CLI2280,64,1034.21,407.76,6,1,550,0,N/A,0
CLI2281,29,1225.62,1438.3,12,0,682,1,Lembrete com opção de renegociar,1
CLI2282,42,3612.27,473.51,4,1,655,0,N/A,0
CLI2283,33,1750.18,1327.06,2,1,426,0,N/A,0
CLI2284,63,900.0,2008.52,2,0,895,0,N/A,0
CLI2285,61,2704.89,1406.46,4,0,448,0,N/A,0
CLI2286,33,1814.4,2686.14,9,0,758,0,N/A,0
CLI2287,33,3224.55,447.47,12,1,794,0,N/A,0
CLI2288,19,1801.41,1230.59,12,1,472,0,N/A,0
CLI2289,25,1488.96,2923.63,3,0,723,1,Lembrete com opção de renegociar,1
CLI2290,51,1356.43,452.0,9,1,464,0,N/A,0
CLI2291,47,1501.49,1713.87,2,1,837,0,N/A,0
CLI2292,44,1815.11,1660.04,9,0,420,1,Lembrete simples,0
CLI2293,45,4005.29,2769.96,12,0,785,0,N/A,0
CLI2294,64,3923.39,2607.89,2,0,522,1,Lembrete simples,0
CLI2295,32,1531.7,1866.23,2,0,361,1,Lembrete com opção de renegociar,1
CLI2296,21,912.69,2968.8,12,0,779,1,Lembrete com opção de renegociar,0
CLI2297,45,1385.84,403.83,4,1,778,0,N/A,0
CLI2298,34,1992.86,2118.03,3,1,502,1,Lembrete com opção de renegociar,1
CLI2299,58,2409.77,2216.26,2,1,300,0,N/A,0
CLI2300,30,1869.59,1273.45,4,0,595,0,N/A,0
CLI2301,34,2165.04,2706.52,4,0,414,0,N/A,0
CLI2302,25,7330.69,622.13,6,0,630,0,N/A,0
CLI2303,55,1725.47,89.38,3,0,506,0,N/A,0
CLI2304,25,1742.03,102.85,4,1,643,0,N/A,0
CLI2305,31,2080.21,953.05,9,0,527,1,Lembrete com opção de renegociar,1
CLI2306,29,2693.41,2449.79,4,0,547,0,N/A,0
CLI2307,36,2652.75,2400.77,3,1,643,0,N/A,0
CLI2308,27,5228.99,1615.3,6,0,328,0,N/A,0
CLI2309,62,1227.64,1183.99,2,1,631,0,N/A,0
CLI2310,27,2972.94,2658.27,4,0,374,1,Lembrete com opção de renegociar,0
CLI2311,20,2312.62,2787.71,12,0,741,0,N/A,0
CLI2312,51,3098.03,1897.15,4,1,479,1,Lembrete com opção de renegociar,1
CLI2313,22,1139.66,2792.49,9,1,653,0,N/A,0
CLI2314,20,1611.42,1367.21,3,0,704,1,Lembrete simples,0
CLI2315,48,900.0,1904.04,9,0,557,0,N/A,0
CLI2316,42,4721.17,1119.77,3,1,644,0,N/A,0
CLI2317,23,3506.46,2002.54,6,0,587,0,N/A,0
CLI2318,20,941.31,2706.57,2,0,548,1,Lembrete simples,1
CLI2319,26,1303.99,1639.49,4,0,558,0,N/A,0
CLI2320,20,2384.53,1372.22,4,0,571,1,Lembrete simples,1
CLI2321,42,2783.03,2169.02,2,0,547,0,N/A,0
CLI2322,42,2704.0,880.44,9,0,665,0,N/A,0
CLI2323,64,1701.08,1761.26,6,0,802,0,N/A,0
CLI2324,56,3958.17,1731.84,6,0,770,0,N/A,0
CLI2325,28,1980.4,810.22,2,0,365,0,N/A,0
CLI2326,43,2477.93,295.18,3,0,300,0,N/A,0
CLI2327,25,2125.39,767.27,9,0,1000,0,N/A,0
CLI2328,41,2800.41,190.72,6,1,460,1,Lembrete simples,0
CLI2329,37,2065.15,439.46,2,1,664,0,N/A,0
CLI2330,20,4926.67,1832.09,12,1,495,1,Lembrete com opção de renegociar,1
CLI2331,27,1130.96,238.93,2,1,693,0,N/A,0
CLI2332,55,1443.95,2470.69,6,1,662,1,Lembrete com opção de renegociar,0
CLI2333,61,3521.6,425.69,2,1,850,0,N/A,0
CLI2334,39,991.27,291.14,12,1,858,0,N/A,0
CLI2335,26,1227.49,140.03,4,1,675,0,N/A,0
CLI2336,49,946.32,945.99,4,0,774,0,N/A,0
CLI2337,45,2026.79,1741.99,2,1,713,0,N/A,0
CLI2338,20,2102.72,1411.91,3,1,631,0,N/A,0
CLI2339,39,1083.39,2174.44,3,1,609,1,Lembrete simples,1
CLI2340,42,1255.61,2760.36,2,0,730,1,Lembrete simples,0
CLI2341,21,2629.0,2196.8,4,0,643,0,N/A,0
CLI2342,40,5537.63,838.32,2,0,300,1,Lembrete simples,1
CLI2343,47,3012.5,158.95,2,0,665,0,N/A,0
CLI2344,59,1262.78,2017.95,4,0,423,1,Lembrete com opção de renegociar,1
CLI2345,53,1159.08,262.2,3,1,733,0,N/A,0
CLI2346,43,1661.75,1620.07,2,0,320,1,Lembrete simples,0
CLI2347,48,1812.27,1117.99,4,0,589,0,N/A,0
CLI2348,26,2308.42,1899.5,4,0,320,1,Lembrete com opção de renegociar,0
CLI2349,40,1773.55,2481.55,2,0,823,0,N/A,0
CLI2350,24,1069.29,1612.54,4,0,653,1,Lembrete com opção de renegociar,1
CLI2351,23,4029.27,1847.35,2,0,768,0,N/A,0
CLI2352,41,5284.69,2375.43,2,1,634,0,N/A,0
CLI2353,50,1733.02,1015.73,4,0,527,0,N/A,0
CLI2354,61,1360.63,1916.94,2,0,654,1,Lembrete com opção de renegociar,1
CLI2355,63,2952.02,258.06,2,1,890,0,N/A,0
CLI2356,49,1110.18,976.63,6,1,598,0,N/A,0
CLI2357,60,1156.51,1459.28,3,0,648,0,N/A,0
CLI2358,22,1889.21,2879.27,3,0,468,0,N/A,0
CLI2359,34,3304.35,545.41,4,0,457,0,N/A,0
CLI2360,20,2044.53,2253.25,2,0,628,0,N/A,0
CLI2361,23,5534.01,2321.94,2,0,616,0,N/A,0
CLI2362,40,1782.53,1447.5,6,0,489,0,N/A,0
CLI2363,47,1163.64,488.52,2,0,571,0,N/A,0
CLI2364,42,1307.58,610.71,6,1,511,0,N/A,0
CLI2365,38,1550.77,945.19,12,0,970,0,N/A,0
CLI2366,38,1855.69,1874.6,3,0,759,0,N/A,0
CLI2367,36,1895.16,52.3,4,1,564,0,N/A,0
CLI2368,19,2824.81,2365.19,4,0,744,0,N/A,0
CLI2369,32,1734.99,754.72,3,1,620,0,N/A,0
CLI2370,42,900.0,1948.14,3,0,865,0,N/A,0
CLI2371,23,2925.73,2327.26,3,0,535,0,N/A,0
CLI2372,59,1242.43,524.68,12,1,754,0,N/A,0
CLI2373,50,1244.01,2619.68,12,0,764,1,Lembrete com opção de renegociar,0
CLI2374,22,3262.52,1682.8,4,0,472,0,N/A,0
CLI2375,38,1307.56,2904.8,2,1,322,0,N/A,0
CLI2376,49,2791.91,2955.18,6,1,461,1,Lembrete simples,0
CLI2377,62,2494.29,1913.83,3,0,491,1,Lembrete com opção de renegociar,0
CLI2378,64,1682.55,716.8,6,0,602,0,N/A,0
CLI2379,50,2477.7,2994.27,6,1,799,0,N/A,0
CLI2380,47,4033.48,2440.14,12,1,577,1,Lembrete com opção de renegociar,0
CLI2381,28,1542.4,2936.61,2,0,618,1,Lembrete com opção de renegociar,1
CLI2382,45,3109.51,1909.65,4,0,645,1,Lembrete com opção de renegociar,0
CLI2383,41,1659.45,1567.08,6,0,541,0,N/A,0
CLI2384,28,1676.81,2831.2,3,0,628,0,N/A,0
CLI2385,35,2785.23,2207.75,2,1,579,1,Lembrete simples,0
CLI2386,58,2047.53,675.27,3,0,529,0,N/A,0
CLI2387,39,2049.9,1908.98,4,0,336,1,Lembrete com opção de renegociar,1
CLI2388,56,1090.59,1781.8,9,1,667,1,Lembrete simples,0
CLI2389,26,3899.17,2476.32,4,1,645,0,N/A,0
CLI2390,28,2605.54,529.08,3,0,649,0,N/A,0
CLI2391,21,4242.7,2581.11,4,1,742,0,N/A,0
CLI2392,48,2789.03,2569.96,4,1,689,0,N/A,0
CLI2393,20,3097.15,393.28,4,1,318,0,N/A,0
CLI2394,18,1984.93,397.22,9,0,300,0,N/A,0
CLI2395,55,4122.6,1266.46,4,1,691,0,N/A,0
CLI2396,56,952.64,1020.15,9,1,357,0,N/A,0
CLI2397,54,2572.3,2270.39,2,1,741,0,N/A,0
CLI2398,39,1453.25,243.81,2,0,801,0,N/A,0
CLI2399,51,1453.91,1627.56,6,1,685,0,N/A,0
CLI2400,41,3810.51,791.72,2,0,986,0,N/A,0
CLI2401,23,1391.92,2525.0,2,0,702,1,Lembrete simples,0
CLI2402,37,1467.53,1507.48,2,0,462,0,N/A,0
CLI2403,58,1747.45,1807.74,6,1,604,0,N/A,0
CLI2404,20,1534.9,196.42,4,1,712,0,N/A,0
CLI2405,44,1054.29,2730.99,2,0,490,0,N/A,0
CLI2406,23,1500.52,1247.38,4,1,586,0,N/A,0
CLI2407,29,1000.13,2163.74,2,0,648,1,Lembrete simples,0
CLI2408,56,1380.84,685.31,4,0,376,0,N/A,0
CLI2409,51,2056.09,1534.65,9,0,715,0,N/A,0
CLI2410,64,1328.35,2410.85,2,1,498,0,N/A,0
CLI2411,38,1828.11,1020.7,3,0,466,0,N/A,0
CLI2412,21,2987.65,994.22,4,1,639,0,N/A,0
CLI2413,22,2058.99,1977.06,2,1,720,0,N/A,0
CLI2414,24,1017.82,627.77,9,1,719,0,N/A,0
CLI2415,41,2785.87,1809.99,4,1,530,0,N/A,0
CLI2416,33,3212.14,1708.67,4,0,627,1,Lembrete com opção de renegociar,1
CLI2417,47,2558.76,2671.33,12,1,562,0,N/A,0
CLI2418,54,1079.39,927.73,3,1,439,0,N/A,0
CLI2419,25,3888.51,566.1,2,1,579,0,N/A,0
CLI2420,56,1142.86,1334.74,6,0,496,1,Lembrete com opção de renegociar,0
CLI2421,63,2446.23,1720.8,2,0,300,1,Lembrete com opção de renegociar,0
CLI2422,61,1013.94,432.64,2,0,513,0,N/A,0
CLI2423,24,2723.85,1218.7,12,0,567,0,N/A,0
CLI2424,29,3009.17,916.3,6,1,587,0,N/A,0
CLI2425,23,3767.53,1124.47,2,0,583,0,N/A,0
CLI2426,42,1651.39,1149.26,6,0,390,1,Lembrete simples,0
CLI2427,47,1673.16,831.79,12,0,601,0,N/A,0
CLI2428,28,1376.39,1089.99,3,0,1000,0,N/A,0
CLI2429,47,2074.7,2483.64,6,0,676,0,N/A,0
CLI2430,60,1869.72,2027.77,4,1,552,0,N/A,0
CLI2431,54,2153.76,1722.07,6,0,384,0,N/A,0
CLI2432,43,1107.96,1702.61,4,0,811,0,N/A,0
CLI2433,28,2423.33,1646.39,12,0,551,1,Lembrete simples,0
CLI2434,40,2320.03,1877.53,3,0,598,0,N/A,0
CLI2435,34,900.0,1348.87,2,1,784,0,N/A,0
CLI2436,34,2695.34,864.8,9,1,657,0,N/A,0
CLI2437,52,2235.87,1231.22,2,0,391,0,N/A,0
CLI2438,34,3100.81,2727.91,2,1,501,0,N/A,0
CLI2439,30,3990.72,1139.67,3,1,610,0,N/A,0
CLI2440,21,1277.55,375.72,9,0,498,0,N/A,0
CLI2441,44,1593.78,2156.84,4,0,716,0,N/A,0
CLI2442,46,1772.08,2755.98,9,0,679,1,Lembrete simples,0
CLI2443,55,4622.81,424.0,9,1,546,0,N/A,0
CLI2444,43,1108.02,1780.95,12,1,533,1,Lembrete com opção de renegociar,0
CLI2445,53,1714.57,320.34,4,1,577,0,N/A,0
CLI2446,40,2946.7,501.74,4,0,634,1,Lembrete simples,1
CLI2447,26,1404.29,1494.23,4,0,482,1,Lembrete simples,0
CLI2448,19,2812.17,1043.31,12,0,653,0,N/A,0
CLI2449,49,1970.0,983.86,4,0,300,0,N/A,0
CLI2450,59,2704.7,1035.23,4,0,577,0,N/A,0
CLI2451,64,2599.97,568.61,2,0,546,0,N/A,0
CLI2452,48,1259.27,756.19,2,0,639,1,Lembrete com opção de renegociar,1
CLI2453,46,1903.78,523.67,9,0,371,1,Lembrete com opção de renegociar,1
CLI2454,22,900.0,1056.77,3,0,643,0,N/A,0
CLI2455,53,5790.82,64.42,6,0,616,0,N/A,0
CLI2456,45,1391.08,1833.42,4,0,300,0,N/A,0
CLI2457,54,1391.36,2687.4,12,0,427,1,Lembrete simples,0
CLI2458,57,1908.34,2213.31,3,0,774,0,N/A,0
CLI2459,44,2626.11,1871.68,3,1,769,0,N/A,0
CLI2460,27,1804.05,2340.27,12,0,619,1,Lembrete com opção de renegociar,1
CLI2461,44,1927.11,957.87,9,0,916,0,N/A,0
CLI2462,47,2695.15,602.17,12,0,607,0,N/A,0
CLI2463,60,2184.36,219.35,2,0,479,0,N/A,0
CLI2464,37,1532.3,1040.57,4,0,644,0,N/A,0
CLI2465,22,1854.17,1433.63,2,0,880,0,N/A,0
CLI2466,55,1667.66,1502.91,3,0,684,0,N/A,0
CLI2467,46,3866.25,185.15,3,0,752,0,N/A,0
CLI2468,59,2136.16,1523.56,12,0,710,0,N/A,0
CLI2469,33,1072.94,1050.59,2,0,546,0,N/A,0
CLI2470,46,2049.73,154.13,4,1,821,0,N/A,0
CLI2471,33,1830.01,568.77,2,0,340,0,N/A,0
CLI2472,64,1935.19,512.01,6,0,696,0,N/A,0
CLI2473,42,2108.29,175.44,12,1,415,1,Lembrete com opção de renegociar,1
CLI2474,47,900.0,558.58,9,1,537,1,Lembrete com opção de renegociar,1
CLI2475,19,2454.83,2100.24,3,0,612,1,Lembrete com opção de renegociar,0
CLI2476,37,4320.62,2478.81,6,0,598,0,N/A,0
CLI2477,59,3533.96,2884.84,4,0,743,0,N/A,0
CLI2478,64,3652.82,2564.4,2,1,438,0,N/A,0
CLI2479,50,2626.03,2582.94,3,1,354,1,Lembrete com opção de renegociar,0
CLI2480,36,6802.74,609.6,2,1,956,0,N/A,0
CLI2481,21,3612.06,2574.97,2,0,422,1,Lembrete com opção de renegociar,1
CLI2482,50,1851.84,812.72,6,0,455,0,N/A,0
CLI2483,42,2550.8,1992.99,6,0,527,0,N/A,0
CLI2484,53,2161.15,996.7,12,0,334,0,N/A,0
CLI2485,18,2773.25,2402.5,3,0,832,0,N/A,0
CLI2486,33,2679.88,2457.91,2,0,790,0,N/A,0
CLI2487,42,2536.15,2640.7,3,0,565,0,N/A,0
CLI2488,52,4616.22,2134.0,2,1,629,0,N/A,0
CLI2489,28,1665.16,2390.46,2,0,608,0,N/A,0
CLI2490,41,1957.03,2774.12,2,0,602,1,Lembrete com opção de renegociar,0
CLI2491,52,3266.98,1508.49,4,0,592,0,N/A,0
CLI2492,38,2441.03,2226.97,4,0,696,0,N/A,0
CLI2493,21,1966.23,1385.3,3,1,585,0,N/A,0
CLI2494,62,2109.61,1816.85,9,1,360,0,N/A,0
CLI2495,31,3487.45,1269.51,9,0,650,0,N/A,0
CLI2496,44,5901.29,1608.3,3,0,634,0,N/A,0
CLI2497,50,1389.44,2145.75,3,1,521,0,N/A,0
CLI2498,33,2045.06,2299.59,4,1,514,0,N/A,0
CLI2499,61,1490.68,2075.81,12,0,582,0,N/A,0
CLI2500,19,1866.96,2211.39,9,1,783,1,Lembrete com opção de renegociar,1
CLI2501,50,1792.0,2950.94,3,0,547,1,Lembrete simples,0
CLI2502,19,3278.39,2100.14,2,0,660,0,N/A,0
CLI2503,40,2917.25,2570.91,2,1,530,0,N/A,0
CLI2504,19,1277.48,1052.66,4,0,611,0,N/A,0
CLI2505,39,1741.0,2215.16,6,1,708,0,N/A,0
CLI2506,59,1566.05,1857.33,2,1,748,0,N/A,0
CLI2507,54,1907.78,2853.93,3,0,655,0,N/A,0
CLI2508,32,3568.81,235.17,2,0,779,0,N/A,0
CLI2509,26,2100.46,2399.72,6,0,788,0,N/A,0
CLI2510,46,2500.67,1458.27,2,1,731,0,N/A,0
CLI2511,37,1857.49,2619.32,4,1,462,1,Lembrete com opção de renegociar,1
CLI2512,21,1527.61,2768.23,4,1,735,1,Lembrete com opção de renegociar,1
CLI2513,27,1698.02,2633.83,6,1,658,0,N/A,0
CLI2514,44,1367.9,242.34,2,0,823,0,N/A,0
CLI2515,41,1132.22,2976.35,3,1,637,0,N/A,0
CLI2516,61,4029.11,2070.2,3,1,609,0,N/A,0
CLI2517,19,2251.83,1023.4,3,0,300,0,N/A,0
CLI2518,41,2797.09,2311.23,3,0,791,0,N/A,0
CLI2519,45,2348.29,232.33,12,0,327,0,N/A,0
CLI2520,64,2854.12,389.0,4,1,631,0,N/A,0
CLI2521,63,1707.53,2279.9,3,1,486,0,N/A,0
CLI2522,60,1578.96,808.81,6,1,554,0,N/A,0
CLI2523,36,1085.28,2173.43,4,0,592,0,N/A,0
CLI2524,45,2377.1,1967.5,4,1,300,0,N/A,0
CLI2525,28,1367.73,2754.54,4,0,656,0,N/A,0
CLI2526,49,1698.26,1782.87,12,0,668,0,N/A,0
CLI2527,38,1637.09,1525.32,2,0,880,0,N/A,0
CLI2528,21,3074.92,1801.76,12,0,543,0,N/A,0
CLI2529,58,1610.55,2712.35,2,0,787,0,N/A,0
CLI2530,57,5731.53,2849.34,6,0,622,0,N/A,0
CLI2531,44,2061.46,741.18,4,0,493,0,N/A,0
CLI2532,50,5983.14,2537.73,9,0,631,1,Lembrete simples,0
CLI2533,57,2570.01,1809.18,2,1,300,1,Lembrete simples,0
CLI2534,31,2098.33,2320.59,9,0,585,0,N/A,0
CLI2535,25,1902.85,1388.72,3,1,768,1,Lembrete simples,0
CLI2536,44,1665.61,79.14,3,0,300,0,N/A,0
CLI2537,64,1113.04,517.48,4,1,1000,0,N/A,0
CLI2538,42,2209.42,523.41,2,0,320,1,Lembrete simples,0
CLI2539,45,3776.38,2604.88,6,0,464,0,N/A,0
CLI2540,35,5728.87,799.1,3,1,655,0,N/A,0
CLI2541,47,1070.81,2269.27,4,0,493,1,Lembrete com opção de renegociar,1
CLI2542,47,1367.59,998.51,12,0,397,1,Lembrete com opção de renegociar,1
CLI2543,39,3847.1,2439.92,2,0,639,0,N/A,0
CLI2544,29,3245.16,2651.06,2,1,740,0,N/A,0
CLI2545,52,2202.72,311.64,6,0,555,0,N/A,0
CLI2546,24,1994.5,431.79,4,0,987,0,N/A,0
CLI2547,23,2035.04,2814.57,3,0,716,0,N/A,0
CLI2548,27,1527.24,2078.59,9,0,463,0,N/A,0
CLI2549,28,1313.4,1739.76,4,1,752,0,N/A,0
CLI2550,31,2271.14,571.57,2,1,467,0,N/A,0
CLI2551,19,900.0,658.02,6,1,688,0,N/A,0
CLI2552,53,1787.77,69.36,4,0,720,0,N/A,0
CLI2553,23,2202.14,2950.19,2,0,659,0,N/A,0
CLI2554,22,2925.05,815.92,2,0,723,0,N/A,0
CLI2555,29,1304.99,2399.46,9,1,505,0,N/A,0
CLI2556,36,3184.83,188.55,12,0,572,0,N/A,0
CLI2557,27,900.0,1845.91,9,0,980,0,N/A,0
CLI2558,22,1535.61,1474.04,2,1,615,0,N/A,0
CLI2559,45,1405.67,1899.86,12,1,728,0,N/A,0
CLI2560,43,927.92,2657.98,6,0,551,1,Lembrete com opção de renegociar,0
CLI2561,20,2072.61,1860.32,4,0,465,1,Lembrete com opção de renegociar,0
CLI2562,57,1244.27,1543.69,12,1,618,0,N/A,0
CLI2563,59,2091.2,1606.34,2,0,840,0,N/A,0
CLI2564,34,2812.09,1026.58,12,0,741,0,N/A,0
CLI2565,19,5013.96,628.64,3,0,719,0,N/A,0
CLI2566,62,1500.58,1632.82,12,0,549,1,Lembrete simples,0
CLI2567,52,3328.04,1688.92,2,0,617,0,N/A,0
CLI2568,48,1950.14,2563.88,6,0,643,1,Lembrete simples,1
CLI2569,23,2035.05,1518.69,2,0,540,1,Lembrete simples,0
CLI2570,64,3149.92,1614.93,2,1,684,0,N/A,0
CLI2571,56,2244.61,1244.9,3,0,682,0,N/A,0
CLI2572,44,2529.2,2146.26,2,1,495,0,N/A,0
CLI2573,29,5066.8,1968.71,9,0,605,0,N/A,0
CLI2574,21,2434.85,1784.87,12,1,443,0,N/A,0
CLI2575,51,3580.91,623.14,3,1,378,0,N/A,0
CLI2576,42,1917.16,2328.01,9,1,874,0,N/A,0
CLI2577,32,2220.62,1777.07,9,1,723,0,N/A,0
CLI2578,35,1469.72,2519.44,6,1,447,1,Lembrete com opção de renegociar,0
CLI2579,50,3367.2,1669.75,2,1,532,0,N/A,0
CLI2580,19,2836.58,1586.98,3,1,796,0,N/A,0
CLI2581,54,1298.96,105.15,4,0,728,0,N/A,0
CLI2582,42,2154.62,1996.76,2,0,447,1,Lembrete com opção de renegociar,0
CLI2583,43,2265.9,2636.33,12,0,410,1,Lembrete com opção de renegociar,1
CLI2584,38,1096.5,2945.03,12,0,711,1,Lembrete simples,0
CLI2585,39,1811.45,2114.85,9,0,890,0,N/A,0
CLI2586,39,1276.83,891.41,9,1,498,0,N/A,0
CLI2587,32,900.0,2108.96,6,0,648,1,Lembrete com opção de renegociar,0
CLI2588,44,2107.14,2581.68,2,1,558,0,N/A,0
CLI2589,31,1412.94,1012.72,12,0,657,0,N/A,0
CLI2590,46,1997.63,1755.1,9,0,553,1,Lembrete simples,1
CLI2591,18,1113.76,1398.82,4,0,459,1,Lembrete simples,0
CLI2592,29,1290.09,316.74,9,0,650,0,N/A,0
CLI2593,19,3776.59,1394.81,9,0,678,0,N/A,0
CLI2594,55,1213.32,2076.93,2,0,671,1,Lembrete com opção de renegociar,1
CLI2595,26,1506.37,2518.86,12,0,588,0,N/A,0
CLI2596,59,5847.67,473.16,12,1,632,1,Lembrete com opção de renegociar,0
CLI2597,53,4604.53,2781.48,3,0,687,0,N/A,0
CLI2598,43,1723.32,2299.72,9,0,821,0,N/A,0
CLI2599,28,1818.35,1371.61,6,1,334,0,N/A,0
CLI2600,42,1703.63,562.06,3,0,533,0,N/A,0
CLI2601,50,1891.28,1072.26,3,0,487,0,N/A,0
CLI2602,23,900.0,1379.84,2,1,412,1,Lembrete com opção de renegociar,0
CLI2603,28,1300.46,1500.29,3,0,612,0,N/A,0
CLI2604,22,2778.56,1171.21,2,1,708,0,N/A,0
CLI2605,18,900.0,2965.76,3,0,622,1,Lembrete com opção de renegociar,0
CLI2606,36,1557.4,734.78,3,1,922,0,N/A,0
CLI2607,42,1601.44,599.01,3,0,347,0,N/A,0
CLI2608,56,3688.34,2630.55,4,0,637,1,Lembrete simples,1
CLI2609,18,2506.13,2162.05,3,0,427,0,N/A,0
CLI2610,18,1479.17,737.34,9,0,649,0,N/A,0
CLI2611,43,2479.8,1535.63,12,1,441,0,N/A,0
CLI2612,27,1594.74,767.18,2,1,527,0,N/A,0
CLI2613,55,2716.55,378.22,2,0,748,0,N/A,0
CLI2614,44,1517.58,871.2,4,0,616,0,N/A,0
CLI2615,62,3689.47,2014.17,2,0,601,0,N/A,0
CLI2616,52,4196.82,1734.9,12,0,645,0,N/A,0
CLI2617,27,2139.25,883.56,2,1,556,1,Lembrete com opção de renegociar,0
CLI2618,37,1365.54,997.48,6,1,440,0,N/A,0
CLI2619,55,1859.27,2349.46,4,0,421,0,N/A,0
CLI2620,34,6577.58,1458.62,3,1,774,0,N/A,0
CLI2621,39,2709.9,2304.56,2,0,697,1,Lembrete simples,0
CLI2622,48,2747.74,1324.4,6,0,692,0,N/A,0
CLI2623,61,1420.94,2411.89,12,1,459,1,Lembrete simples,1
CLI2624,23,3230.51,433.32,3,0,687,0,N/A,0
CLI2625,45,2376.2,882.76,2,0,801,0,N/A,0
CLI2626,56,2551.59,196.47,6,0,360,0,N/A,0
CLI2627,23,900.0,2502.08,6,0,635,1,Lembrete simples,0
CLI2628,31,900.0,1508.53,2,1,300,1,Lembrete simples,0
CLI2629,21,3754.05,2095.62,2,0,452,0,N/A,0
CLI2630,37,2272.79,2819.49,6,0,419,0,N/A,0
CLI2631,62,1777.71,793.62,3,1,548,0,N/A,0
CLI2632,27,3080.27,1036.57,3,1,558,1,Lembrete com opção de renegociar,0
CLI2633,28,1529.06,2429.23,2,0,554,0,N/A,0
CLI2634,61,1747.13,1482.74,6,0,512,0,N/A,0
CLI2635,56,1769.21,2226.16,6,0,762,0,N/A,0
CLI2636,43,1173.74,868.62,4,1,505,0,N/A,0
CLI2637,54,2265.93,180.12,3,1,471,0,N/A,0
CLI2638,25,1950.92,1321.08,4,1,784,0,N/A,0
CLI2639,62,2555.32,2155.2,2,1,766,0,N/A,0
CLI2640,20,1474.54,1465.0,2,0,553,0,N/A,0
CLI2641,46,2928.73,1293.69,3,0,500,1,Lembrete simples,0
CLI2642,57,1674.77,2245.57,6,1,465,0,N/A,0
CLI2643,30,2505.92,149.77,3,1,638,0,N/A,0
CLI2644,34,1513.08,2936.39,9,0,731,1,Lembrete com opção de renegociar,0
CLI2645,48,1828.99,2359.45,2,0,739,0,N/A,0
CLI2646,44,1045.88,453.44,2,1,586,0,N/A,0
CLI2647,26,1719.67,1201.28,3,1,651,0,N/A,0
CLI2648,36,3386.92,2416.02,12,1,693,0,N/A,0
CLI2649,52,1772.66,2019.07,2,1,687,1,Lembrete com opção de renegociar,1
CLI2650,34,4858.17,605.96,2,1,680,0,N/A,0
CLI2651,41,2063.0,2052.24,6,1,628,0,N/A,0
CLI2652,41,1612.42,974.08,9,0,502,1,Lembrete com opção de renegociar,1
CLI2653,21,4730.49,763.82,3,0,433,0,N/A,0
CLI2654,39,2575.98,655.75,3,0,358,0,N/A,0
CLI2655,46,2368.92,1592.39,12,0,570,1,Lembrete simples,0
CLI2656,35,5989.54,1273.25,2,1,602,0,N/A,0
CLI2657,38,1027.39,1265.18,12,1,571,0,N/A,0
CLI2658,59,1682.0,2510.18,3,1,592,1,Lembrete simples,0
CLI2659,63,2123.77,260.29,4,1,882,0,N/A,0
CLI2660,23,4264.35,114.93,6,0,919,0,N/A,0
CLI2661,37,2009.02,2989.34,2,0,794,1,Lembrete com opção de renegociar,0
CLI2662,50,2929.29,2062.73,4,0,730,0,N/A,0
CLI2663,52,1288.0,1489.25,6,0,579,1,Lembrete com opção de renegociar,0
CLI2664,57,4025.87,381.97,2,0,552,0,N/A,0
CLI2665,63,2061.81,504.58,4,1,685,0,N/A,0
CLI2666,53,1289.8,551.06,2,0,631,0,N/A,0
CLI2667,46,1183.55,369.52,2,0,754,0,N/A,0
CLI2668,32,1728.77,813.14,12,0,385,1,Lembrete com opção de renegociar,1
CLI2669,28,900.0,766.73,3,0,496,0,N/A,0
CLI2670,22,1861.0,2953.23,3,0,741,0,N/A,0
CLI2671,25,1000.94,1361.25,2,0,604,0,N/A,0
CLI2672,59,900.0,933.7,2,1,743,0,N/A,0
CLI2673,18,2032.11,1443.96,2,0,510,0,N/A,0
CLI2674,43,900.0,1593.87,6,0,779,1,Lembrete simples,1
CLI2675,20,1903.91,2469.33,2,1,610,1,Lembrete simples,1
CLI2676,35,1251.7,970.18,3,1,652,0,N/A,0
CLI2677,46,2169.05,1736.61,4,1,796,0,N/A,0
CLI2678,46,3860.53,208.06,3,0,616,0,N/A,0
CLI2679,35,2331.4,2439.3,3,1,457,0,N/A,0
CLI2680,44,4394.39,1288.87,2,1,752,0,N/A,0
CLI2681,43,1844.46,2378.55,12,0,348,1,Lembrete simples,0
CLI2682,44,1040.01,497.81,3,1,753,0,N/A,0
CLI2683,36,1578.51,583.48,2,0,629,0,N/A,0
CLI2684,57,1547.6,1255.89,3,0,654,1,Lembrete simples,0
CLI2685,20,2319.15,1067.33,4,0,671,0,N/A,0
CLI2686,61,1982.25,1012.04,6,1,414,0,N/A,0
CLI2687,18,1213.6,1123.32,4,0,497,0,N/A,0
CLI2688,60,1552.8,2554.43,6,0,439,1,Lembrete simples,0
CLI2689,34,1737.28,1165.5,3,1,538,0,N/A,0
CLI2690,61,2120.77,1733.15,12,0,636,1,Lembrete com opção de renegociar,0
CLI2691,18,2693.4,2228.63,4,0,566,0,N/A,0
CLI2692,42,1999.76,1919.35,9,0,436,0,N/A,0
CLI2693,36,1041.88,2391.28,4,1,893,1,Lembrete simples,1
CLI2694,34,1553.29,751.4,2,0,803,1,Lembrete com opção de renegociar,0
CLI2695,62,3282.01,1377.16,4,0,852,0,N/A,0
CLI2696,18,2181.94,2490.24,3,0,414,1,Lembrete com opção de renegociar,1
CLI2697,24,922.64,2476.78,2,0,698,0,N/A,0
CLI2698,48,1534.25,1086.33,6,0,589,0,N/A,0
CLI2699,37,1303.04,1207.16,3,1,641,0,N/A,0
CLI2700,55,3137.17,844.18,6,0,535,0,N/A,0
CLI2701,25,2393.04,154.43,3,1,783,0,N/A,0
CLI2702,60,2427.48,1218.81,3,1,486,0,N/A,0
CLI2703,46,1991.48,1670.06,9,1,490,1,Lembrete com opção de renegociar,0
CLI2704,45,3626.94,1270.02,12,1,688,1,Lembrete com opção de renegociar,1
CLI2705,33,2957.98,319.4,9,1,753,0,N/A,0
CLI2706,29,3732.93,274.65,4,1,578,0,N/A,0
CLI2707,49,1274.54,2824.15,4,0,436,1,Lembrete com opção de renegociar,1
CLI2708,56,1036.16,2498.62,4,0,530,1,Lembrete com opção de renegociar,0
CLI2709,43,1652.47,1994.88,9,1,581,1,Lembrete com opção de renegociar,1
CLI2710,53,1851.68,664.09,6,0,676,0,N/A,0
CLI2711,40,1471.81,2396.36,6,1,785,0,N/A,0
CLI2712,35,2263.29,968.42,3,1,774,0,N/A,0
CLI2713,21,1125.16,1036.94,4,0,660,0,N/A,0
CLI2714,43,2167.97,1873.49,6,1,819,0,N/A,0
CLI2715,24,2338.27,712.36,12,0,816,0,N/A,0
CLI2716,24,3392.66,393.42,3,0,485,1,Lembrete com opção de renegociar,0
CLI2717,24,2213.52,1013.27,4,0,519,0,N/A,0
CLI2718,30,1547.87,941.05,2,1,300,1,Lembrete com opção de renegociar,1
CLI2719,47,1712.53,467.37,3,0,486,0,N/A,0
CLI2720,40,5980.58,2258.71,9,1,503,0,N/A,0
CLI2721,39,4486.88,909.13,2,1,655,0,N/A,0
CLI2722,28,2085.67,2800.1,3,0,557,0,N/A,0
CLI2723,28,1170.02,1884.43,6,1,562,0,N/A,0
CLI2724,21,1966.26,780.82,4,1,736,0,N/A,0
CLI2725,35,3634.79,842.14,2,0,440,0,N/A,0
CLI2726,54,1235.69,1008.25,2,0,494,1,Lembrete simples,1
CLI2727,39,1529.19,1197.95,4,0,439,1,Lembrete com opção de renegociar,1
CLI2728,49,2378.06,490.56,4,0,574,0,N/A,0
CLI2729,58,1731.06,2169.25,3,0,568,0,N/A,0
CLI2730,43,1330.76,2664.03,4,1,541,1,Lembrete simples,1
CLI2731,31,1522.5,2931.01,3,1,454,1,Lembrete com opção de renegociar,0
CLI2732,27,1964.87,1207.76,4,0,773,0,N/A,0
CLI2733,34,2703.22,452.58,12,1,522,0,N/A,0
CLI2734,27,1580.08,2925.22,3,1,446,1,Lembrete simples,0
CLI2735,37,2038.87,1413.98,9,0,631,0,N/A,0
CLI2736,31,1346.42,105.44,12,1,630,0,N/A,0
CLI2737,51,1580.19,799.3,4,0,592,0,N/A,0
CLI2738,48,1082.79,426.26,3,0,764,0,N/A,0
CLI2739,35,1924.31,1232.88,9,0,672,0,N/A,0
CLI2740,28,3948.32,1359.45,2,1,454,0,N/A,0
CLI2741,39,1767.34,2623.81,12,1,623,0,N/A,0
CLI2742,18,1648.3,182.56,6,0,336,1,Lembrete com opção de renegociar,0
CLI2743,26,6428.46,2542.11,6,0,596,0,N/A,0
CLI2744,53,2451.62,2272.95,12,0,633,1,Lembrete simples,1
CLI2745,51,3952.35,2548.12,4,1,465,0,N/A,0
CLI2746,44,900.0,1350.85,3,1,501,0,N/A,0
CLI2747,52,2055.36,2787.24,6,0,593,1,Lembrete com opção de renegociar,1
CLI2748,59,2562.26,1881.74,6,0,734,0,N/A,0
CLI2749,58,2693.5,1770.88,4,1,602,0,N/A,0
CLI2750,55,978.19,2657.71,12,0,704,1,Lembrete com opção de renegociar,1
CLI2751,36,1579.36,2139.68,2,1,652,0,N/A,0
CLI2752,36,2067.67,2732.04,4,0,503,0,N/A,0
CLI2753,37,1117.89,581.71,3,0,648,1,Lembrete simples,1
CLI2754,61,1210.93,1269.0,3,0,847,0,N/A,0
CLI2755,54,3196.35,515.69,2,0,370,1,Lembrete simples,0
CLI2756,42,1948.93,704.27,2,1,679,0,N/A,0
CLI2757,49,2125.9,1493.13,6,0,452,1,Lembrete com opção de renegociar,0
CLI2758,18,5486.97,1106.3,3,0,725,0,N/A,0
CLI2759,55,4025.24,1998.86,2,1,669,0,N/A,0
CLI2760,33,2636.69,472.84,4,0,729,0,N/A,0
CLI2761,56,2548.42,84.65,2,0,720,0,N/A,0
CLI2762,52,2938.67,562.07,6,0,419,1,Lembrete com opção de renegociar,1
CLI2763,23,900.0,2871.93,9,1,880,0,N/A,0
CLI2764,58,2670.36,2878.89,4,1,542,1,Lembrete simples,0
CLI2765,58,3570.92,175.35,2,1,656,0,N/A,0
CLI2766,63,1280.04,445.66,9,1,570,0,N/A,0
CLI2767,47,1758.07,1434.92,4,1,507,0,N/A,0
CLI2768,28,3543.96,176.92,4,1,300,0,N/A,0
CLI2769,47,1407.53,1247.78,6,0,787,0,N/A,0
CLI2770,54,1895.45,2332.64,2,0,443,0,N/A,0
CLI2771,48,3162.87,942.47,2,0,711,1,Lembrete simples,0
CLI2772,63,2678.95,364.53,3,0,750,0,N/A,0
CLI2773,48,3206.86,2868.89,4,0,450,1,Lembrete com opção de renegociar,0
CLI2774,28,1228.85,2322.94,2,0,474,1,Lembrete simples,0
CLI2775,21,1263.94,2923.21,6,0,731,1,Lembrete simples,0
CLI2776,63,1756.98,2267.29,6,0,629,0,N/A,0
CLI2777,63,2254.81,1378.87,2,0,567,0,N/A,0
CLI2778,44,900.0,1146.54,9,1,590,0,N/A,0
CLI2779,23,2433.3,492.74,2,0,704,0,N/A,0
CLI2780,35,2684.84,878.34,2,1,548,0,N/A,0
CLI2781,61,1418.15,2311.5,3,0,653,0,N/A,0
CLI2782,46,2416.53,1244.06,2,0,833,0,N/A,0
CLI2783,22,2844.76,1678.23,3,0,891,0,N/A,0
CLI2784,47,2874.08,770.97,2,0,661,0,N/A,0
CLI2785,18,2584.46,812.03,2,1,674,0,N/A,0
CLI2786,40,2998.93,2653.08,3,1,584,1,Lembrete com opção de renegociar,0
CLI2787,64,1494.58,2067.1,3,0,507,0,N/A,0
CLI2788,56,900.0,1861.14,2,1,653,1,Lembrete com opção de renegociar,0
CLI2789,35,932.46,1295.11,6,0,451,0,N/A,0
CLI2790,20,1393.56,813.38,12,0,639,0,N/A,0
CLI2791,19,4351.41,818.57,2,0,768,0,N/A,0
CLI2792,58,1507.84,1032.75,2,1,608,0,N/A,0
CLI2793,19,2081.68,2278.97,3,1,767,0,N/A,0
CLI2794,55,4170.7,2824.01,3,0,300,1,Lembrete simples,0
CLI2795,22,1510.6,724.18,6,0,394,1,Lembrete simples,0
CLI2796,53,2780.76,2491.24,3,1,499,1,Lembrete com opção de renegociar,0
CLI2797,53,1712.68,1852.3,12,1,625,1,Lembrete com opção de renegociar,0
CLI2798,38,2225.86,135.58,3,1,389,0,N/A,0
CLI2799,49,1362.11,2734.16,3,0,402,0,N/A,0
CLI2800,42,3359.28,2543.5,4,0,611,0,N/A,0
CLI2801,19,2124.35,997.22,3,0,677,1,Lembrete simples,0
CLI2802,61,2096.65,1831.33,3,0,661,0,N/A,0
CLI2803,61,5680.02,294.16,2,1,636,0,N/A,0
CLI2804,25,2734.04,2365.18,9,1,601,0,N/A,0
CLI2805,43,900.0,1513.19,12,1,507,1,Lembrete simples,0
CLI2806,24,1658.33,548.92,4,0,657,0,N/A,0
CLI2807,64,1518.61,212.08,6,0,323,1,Lembrete com opção de renegociar,1
CLI2808,59,1796.58,676.32,6,0,774,0,N/A,0
CLI2809,22,2099.29,2355.31,4,1,604,0,N/A,0
CLI2810,18,2264.56,2360.27,3,1,539,0,N/A,0
CLI2811,48,1182.7,738.58,6,0,623,0,N/A,0
CLI2812,36,2744.37,2286.61,12,1,764,0,N/A,0
CLI2813,18,6351.27,2813.54,6,0,412,0,N/A,0
CLI2814,29,4538.05,2522.62,4,0,399,0,N/A,0
CLI2815,38,2855.71,1264.5,3,1,643,0,N/A,0
CLI2816,57,900.0,1057.93,3,0,664,0,N/A,0
CLI2817,45,1618.02,1209.35,4,0,660,0,N/A,0
CLI2818,51,1868.72,2787.46,2,0,844,0,N/A,0
CLI2819,20,4290.79,2493.54,3,1,772,0,N/A,0
CLI2820,48,1842.36,1114.11,2,1,468,0,N/A,0
CLI2821,53,3461.4,1590.14,6,0,403,0,N/A,0
CLI2822,49,2019.99,2971.72,2,1,783,0,N/A,0
CLI2823,22,900.0,1925.2,4,0,300,1,Lembrete simples,1
CLI2824,26,2572.94,2108.95,4,0,584,0,N/A,0
CLI2825,37,1964.43,718.99,6,0,703,0,N/A,0
CLI2826,19,900.0,2946.59,2,0,585,1,Lembrete com opção de renegociar,0
CLI2827,48,2388.41,915.26,9,0,667,0,N/A,0
CLI2828,22,3110.31,440.96,9,0,424,1,Lembrete com opção de renegociar,0
CLI2829,24,3658.48,1046.2,4,1,611,0,N/A,0
CLI2830,48,1894.69,315.51,3,0,653,0,N/A,0
CLI2831,25,5232.45,1528.62,4,1,765,0,N/A,0
CLI2832,61,1047.69,1302.4,9,1,552,1,Lembrete simples,0
CLI2833,45,1774.24,2788.22,3,1,598,1,Lembrete com opção de renegociar,1
CLI2834,44,1436.46,621.01,3,1,495,1,Lembrete simples,0
CLI2835,27,1403.45,863.42,2,1,553,0,N/A,0
CLI2836,46,1463.78,2835.53,6,0,650,0,N/A,0
CLI2837,58,1126.53,1764.78,2,0,881,0,N/A,0
CLI2838,60,1693.98,397.35,9,1,829,0,N/A,0
CLI2839,56,2376.95,2122.73,12,0,700,1,Lembrete simples,1
CLI2840,26,2913.69,2632.54,6,0,457,1,Lembrete simples,0
CLI2841,54,900.0,1106.6,2,1,776,0,N/A,0
CLI2842,28,1419.43,1785.05,3,0,623,1,Lembrete simples,1
CLI2843,48,1599.8,2758.99,6,1,629,0,N/A,0
CLI2844,39,943.41,1565.01,3,1,602,0,N/A,0
CLI2845,49,2260.87,2266.75,4,0,612,0,N/A,0
CLI2846,43,1812.68,1992.27,3,1,482,0,N/A,0
CLI2847,23,1882.27,2401.83,2,1,661,0,N/A,0
CLI2848,48,3171.49,844.36,3,0,678,0,N/A,0
CLI2849,63,1125.68,1138.37,6,0,572,0,N/A,0
CLI2850,61,900.0,2635.88,12,0,483,1,Lembrete simples,1
CLI2851,49,900.0,1210.32,3,0,573,0,N/A,0
CLI2852,46,2123.41,711.85,12,1,695,0,N/A,0
CLI2853,37,4039.66,1225.51,6,0,338,0,N/A,0
CLI2854,52,1136.95,2573.23,2,0,621,1,Lembrete simples,0
CLI2855,47,3526.51,2953.41,9,0,783,0,N/A,0
CLI2856,41,1036.91,2225.33,4,0,532,1,Lembrete com opção de renegociar,0
CLI2857,41,1106.55,1131.84,2,0,824,0,N/A,0
CLI2858,41,1515.4,2125.11,2,1,540,0,N/A,0
CLI2859,59,1708.88,2360.88,2,0,425,1,Lembrete simples,0
CLI2860,20,1092.74,1030.49,2,1,511,0,N/A,0
CLI2861,36,1148.2,1673.31,6,0,473,1,Lembrete simples,0
CLI2862,31,1114.21,965.48,3,1,602,1,Lembrete simples,0
CLI2863,24,2615.08,2407.71,3,0,1000,0,N/A,0
CLI2864,26,3625.69,57.94,6,0,442,0,N/A,0
CLI2865,34,1995.02,152.25,2,0,463,0,N/A,0
CLI2866,24,1623.38,2736.14,4,0,532,1,Lembrete simples,0
CLI2867,44,1357.66,1056.57,2,0,673,1,Lembrete simples,0
CLI2868,42,1571.65,1539.98,3,0,717,1,Lembrete com opção de renegociar,0
CLI2869,55,2325.52,577.57,3,1,631,1,Lembrete simples,0
CLI2870,30,2120.24,696.34,2,0,504,1,Lembrete com opção de renegociar,0
CLI2871,19,2398.62,737.89,6,0,841,0,N/A,0
CLI2872,26,2869.06,2248.8,6,0,768,0,N/A,0
CLI2873,26,1527.92,2799.64,3,1,576,1,Lembrete simples,0
CLI2874,56,2030.27,2814.37,9,0,608,0,N/A,0
CLI2875,59,4790.25,2805.54,3,1,709,0,N/A,0
CLI2876,23,991.03,1157.31,2,0,785,0,N/A,0
CLI2877,63,1093.76,1588.18,9,0,696,0,N/A,0
CLI2878,50,1255.74,1379.58,2,1,680,1,Lembrete simples,0
CLI2879,42,4644.86,1689.55,4,0,488,0,N/A,0
CLI2880,39,1507.43,624.45,2,0,597,1,Lembrete com opção de renegociar,1
CLI2881,28,2070.28,1134.28,2,0,603,0,N/A,0
CLI2882,50,3343.33,165.7,9,1,395,0,N/A,0
CLI2883,63,1367.58,855.45,2,0,525,0,N/A,0
CLI2884,36,3022.02,2098.63,6,0,607,0,N/A,0
CLI2885,56,2706.18,1786.92,9,0,867,0,N/A,0
CLI2886,43,1625.77,233.25,6,0,538,1,Lembrete simples,0
CLI2887,28,2651.03,2516.82,2,0,303,0,N/A,0
CLI2888,37,2583.69,835.01,6,0,544,0,N/A,0
CLI2889,41,1668.8,375.71,6,1,860,0,N/A,0
CLI2890,24,1364.57,955.37,12,1,447,0,N/A,0
CLI2891,34,4826.68,2204.86,3,0,703,0,N/A,0
CLI2892,26,1621.03,2812.03,4,1,743,0,N/A,0
CLI2893,31,2755.32,2085.37,6,0,636,0,N/A,0
CLI2894,25,2068.33,699.04,2,1,872,0,N/A,0
CLI2895,58,1395.06,1548.55,2,0,962,0,N/A,0
CLI2896,35,4281.45,1669.1,2,0,420,1,Lembrete com opção de renegociar,1
CLI2897,20,1341.91,1937.67,4,1,495,1,Lembrete simples,0
CLI2898,18,1349.96,261.1,2,1,641,0,N/A,0
CLI2899,23,1877.29,1756.39,2,1,553,0,N/A,0
CLI2900,27,3431.99,383.24,3,0,531,1,Lembrete simples,1
CLI2901,54,1258.77,866.81,9,0,519,0,N/A,0
CLI2902,33,2000.38,322.15,6,0,864,0,N/A,0
CLI2903,51,2037.14,161.82,4,0,756,0,N/A,0
CLI2904,63,3915.81,1442.28,2,0,434,0,N/A,0
CLI2905,64,1895.93,866.47,2,0,516,0,N/A,0
CLI2906,62,2051.26,1356.3,9,1,404,1,Lembrete com opção de renegociar,0
CLI2907,62,2127.82,1771.79,9,0,677,0,N/A,0
CLI2908,33,3846.35,505.9,2,0,388,1,Lembrete simples,0
CLI2909,36,2782.4,681.28,2,0,549,0,N/A,0
CLI2910,18,4518.86,2255.17,9,1,644,0,N/A,0
CLI2911,25,2445.4,1559.81,6,1,708,0,N/A,0
CLI2912,33,4737.95,491.03,2,1,499,0,N/A,0
CLI2913,20,1993.51,2591.78,6,0,640,0,N/A,0
CLI2914,59,2694.63,2295.33,4,1,588,0,N/A,0
CLI2915,19,1690.28,2705.09,12,1,830,0,N/A,0
CLI2916,38,3098.67,2028.32,2,1,731,0,N/A,0
CLI2917,32,1857.23,544.66,2,0,614,0,N/A,0
CLI2918,56,2439.26,52.21,3,0,615,0,N/A,0
CLI2919,31,1696.86,1762.99,4,0,690,0,N/A,0
CLI2920,49,2962.92,1273.19,12,0,777,0,N/A,0
CLI2921,47,2301.74,2093.52,3,0,591,0,N/A,0
CLI2922,44,1888.33,158.23,2,1,643,0,N/A,0
CLI2923,61,2557.77,538.75,6,0,330,0,N/A,0
CLI2924,63,3388.16,156.53,4,0,421,0,N/A,0
CLI2925,21,5386.94,138.19,2,1,463,0,N/A,0
CLI2926,25,2178.98,2200.0,4,1,693,0,N/A,0
CLI2927,31,1062.65,1263.86,3,1,780,1,Lembrete com opção de renegociar,0
CLI2928,36,2084.01,2578.31,9,0,490,1,Lembrete com opção de renegociar,1
CLI2929,40,1786.7,1041.41,2,0,629,0,N/A,0
CLI2930,52,2047.36,2167.58,3,1,344,0,N/A,0
CLI2931,56,4930.05,2195.75,9,1,576,0,N/A,0
CLI2932,23,2312.67,1556.15,2,0,799,0,N/A,0
CLI2933,38,1674.6,2763.59,2,0,455,1,Lembrete simples,0
CLI2934,57,2167.74,427.54,6,0,769,0,N/A,0
CLI2935,21,2216.02,1505.79,2,1,697,0,N/A,0
CLI2936,31,1042.12,2502.2,9,1,678,1,Lembrete simples,0
CLI2937,32,1998.09,1232.07,6,0,607,0,N/A,0
CLI2938,37,925.05,2193.85,4,1,694,1,Lembrete simples,1
CLI2939,57,1078.06,1279.55,12,1,398,1,Lembrete simples,0
CLI2940,61,2983.43,142.15,2,0,756,0,N/A,0
CLI2941,63,1984.47,792.85,4,0,389,0,N/A,0
CLI2942,56,1971.2,1407.32,12,0,620,0,N/A,0
CLI2943,47,2091.31,2250.3,3,0,464,1,Lembrete simples,0
CLI2944,34,3706.56,129.4,4,0,729,0,N/A,0
CLI2945,25,930.5,520.95,2,1,535,0,N/A,0
CLI2946,52,2570.07,942.15,4,0,326,1,Lembrete simples,0
CLI2947,33,1522.55,1883.98,2,0,608,1,Lembrete simples,0
CLI2948,50,2330.13,1363.15,3,0,486,0,N/A,0
CLI2949,59,3708.99,656.24,9,1,383,0,N/A,0
CLI2950,38,900.0,1879.6,2,0,642,1,Lembrete com opção de renegociar,0
CLI2951,29,4418.34,2209.55,2,0,415,0,N/A,0
CLI2952,57,2682.47,495.18,2,0,464,0,N/A,0
CLI2953,50,3627.26,300.75,12,0,540,0,N/A,0
CLI2954,52,3162.41,2874.63,4,0,303,1,Lembrete com opção de renegociar,0
CLI2955,35,2652.37,2406.78,3,1,466,0,N/A,0
CLI2956,22,900.0,1682.08,2,1,540,1,Lembrete com opção de renegociar,1
CLI2957,27,2851.92,1676.62,3,0,677,0,N/A,0
CLI2958,64,2441.96,2521.59,6,1,722,0,N/A,0
CLI2959,59,2439.4,1769.63,6,0,569,0,N/A,0
CLI2960,32,900.0,2895.3,3,0,591,1,Lembrete com opção de renegociar,1
CLI2961,30,2078.21,2263.02,3,1,434,0,N/A,0
CLI2962,18,1886.08,2687.76,12,0,667,0,N/A,0
CLI2963,50,2619.75,1448.99,9,0,536,0,N/A,0
CLI2964,56,2834.66,1134.7,3,0,446,0,N/A,0
CLI2965,28,3975.2,1626.78,2,0,760,0,N/A,0
CLI2966,56,1939.54,2613.66,6,0,453,1,Lembrete com opção de renegociar,0
CLI2967,55,2553.34,2906.08,6,0,719,0,N/A,0
CLI2968,45,933.08,2191.26,4,1,642,1,Lembrete simples,0
CLI2969,28,1789.0,557.12,2,1,840,0,N/A,0
CLI2970,51,2352.39,2627.17,6,0,377,0,N/A,0
CLI2971,45,1103.66,2572.48,3,0,448,1,Lembrete com opção de renegociar,0
CLI2972,31,900.0,2179.62,4,1,552,1,Lembrete simples,0
CLI2973,58,2036.87,1651.21,4,1,534,1,Lembrete simples,0
CLI2974,27,937.22,1657.95,4,0,628,0,N/A,0
CLI2975,55,3553.51,2294.78,9,1,527,0,N/A,0
CLI2976,43,2484.33,1670.58,12,0,662,0,N/A,0
CLI2977,48,2356.79,1119.08,9,0,642,0,N/A,0
CLI2978,39,1503.22,2687.36,12,0,745,0,N/A,0
CLI2979,48,1237.73,120.62,2,0,651,0,N/A,0
CLI2980,44,1225.93,1591.93,4,0,565,0,N/A,0
CLI2981,42,2331.08,1489.94,12,0,550,1,Lembrete simples,0
CLI2982,61,3728.93,1029.82,4,0,744,0,N/A,0
CLI2983,41,4067.01,635.3,9,1,678,0,N/A,0
CLI2984,34,1116.06,1089.4,4,1,458,0,N/A,0
CLI2985,23,1934.31,1967.79,2,1,585,0,N/A,0
CLI2986,64,1468.36,929.32,4,0,673,0,N/A,0
CLI2987,33,2715.53,1485.65,2,1,818,0,N/A,0
CLI2988,50,2652.77,1653.13,12,1,622,0,N/A,0
CLI2989,30,1205.82,1109.26,4,1,380,1,Lembrete com opção de renegociar,1
CLI2990,59,1313.35,1337.12,6,0,720,0,N/A,0
CLI2991,27,3090.84,1865.32,4,0,494,0,N/A,0
CLI2992,38,2271.82,669.63,3,0,384,0,N/A,0
CLI2993,56,1371.42,1485.86,4,0,663,1,Lembrete simples,1
CLI2994,19,1105.87,1620.49,4,0,341,1,Lembrete com opção de renegociar,0
CLI2995,61,1210.66,2490.25,9,1,669,1,Lembrete simples,1
CLI2996,28,2392.64,867.95,2,1,594,0,N/A,0
CLI2997,31,5324.24,2421.02,6,0,743,0,N/A,0
CLI2998,19,923.96,2080.7,12,0,717,0,N/A,0
CLI2999,30,900.0,2522.49,6,1,547,1,Lembrete simples,0
CLI3000,28,1634.52,2118.57,4,0,325,1,Lembrete com opção de renegociar,0
CLI3001,28,1795.09,709.67,2,0,615,0,N/A,0
CLI3002,28,1364.91,1648.92,12,0,747,0,N/A,0
CLI3003,62,1683.09,2446.73,3,0,407,1,Lembrete simples,1
CLI3004,57,949.67,1411.35,3,0,590,0,N/A,0
CLI3005,59,949.56,2096.05,4,1,432,1,Lembrete simples,0
CLI3006,59,2145.08,1783.2,6,0,520,0,N/A,0
CLI3007,21,2766.85,1194.5,4,1,705,0,N/A,0
CLI3008,61,1256.88,1165.8,2,0,727,0,N/A,0
CLI3009,27,3360.73,893.6,4,1,342,0,N/A,0
CLI3010,42,2793.41,92.33,3,1,628,0,N/A,0
CLI3011,55,3712.79,1070.74,2,1,789,0,N/A,0
CLI3012,32,3361.27,2449.97,6,0,774,0,N/A,0
CLI3013,52,2550.1,2479.5,2,1,934,0,N/A,0
CLI3014,49,5498.49,1075.85,6,0,469,0,N/A,0
CLI3015,28,3626.25,1604.18,4,0,863,0,N/A,0
CLI3016,52,1345.78,1993.49,2,0,477,1,Lembrete com opção de renegociar,1
CLI3017,64,3127.24,1049.38,6,0,746,0,N/A,0
CLI3018,34,2166.88,1359.49,3,1,605,0,N/A,0
CLI3019,25,2246.56,1783.42,3,0,545,0,N/A,0
CLI3020,53,991.74,898.35,4,0,661,0,N/A,0
CLI3021,38,1146.27,1261.51,2,0,1000,0,N/A,0
CLI3022,53,974.25,320.44,3,0,900,0,N/A,0
CLI3023,40,1628.41,2635.55,9,1,660,0,N/A,0
CLI3024,18,2776.42,2106.65,2,0,715,0,N/A,0
CLI3025,40,1268.3,1361.63,2,1,596,0,N/A,0
CLI3026,36,1412.1,607.16,9,0,737,0,N/A,0
CLI3027,46,2608.76,1629.34,6,0,511,0,N/A,0
CLI3028,35,1195.28,1885.95,6,1,687,0,N/A,0
CLI3029,33,946.24,1958.36,12,1,586,0,N/A,0
CLI3030,49,2887.52,1365.13,2,0,515,0,N/A,0
CLI3031,53,3928.76,720.56,12,0,610,0,N/A,0
CLI3032,45,2989.12,403.66,6,0,602,0,N/A,0
CLI3033,35,1262.8,2445.47,6,0,797,1,Lembrete com opção de renegociar,0
CLI3034,27,2538.62,648.36,12,1,600,0,N/A,0
CLI3035,20,1185.4,2037.93,3,0,638,0,N/A,0
CLI3036,27,2697.36,1468.74,2,0,756,0,N/A,0
CLI3037,20,2498.62,2733.52,2,0,817,0,N/A,0
CLI3038,46,2210.88,1192.02,6,1,713,0,N/A,0
CLI3039,24,1875.97,2238.47,4,0,698,0,N/A,0
CLI3040,58,1513.18,2177.59,6,1,300,1,Lembrete simples,0
CLI3041,52,3806.59,2587.21,12,0,795,0,N/A,0
CLI3042,19,1830.47,2493.28,2,0,668,1,Lembrete simples,0
CLI3043,46,1332.3,339.22,3,1,423,1,Lembrete simples,1
CLI3044,62,2068.57,2994.49,3,0,598,0,N/A,0
CLI3045,42,2371.28,876.9,2,0,699,0,N/A,0
CLI3046,51,2187.79,2617.4,2,1,442,1,Lembrete simples,1
CLI3047,61,2189.31,273.81,6,0,767,0,N/A,0
CLI3048,40,1329.96,2906.87,2,1,638,1,Lembrete simples,0
CLI3049,19,1864.25,1356.35,6,0,622,0,N/A,0
CLI3050,47,900.0,730.37,2,0,660,0,N/A,0
CLI3051,60,2945.86,479.27,2,0,339,0,N/A,0
CLI3052,24,2043.31,2556.52,9,0,512,0,N/A,0
CLI3053,52,2376.4,84.54,12,1,770,0,N/A,0
CLI3054,52,1469.94,1241.82,12,0,480,0,N/A,0
CLI3055,56,2085.27,2345.11,12,1,398,1,Lembrete com opção de renegociar,1
CLI3056,48,1776.73,2917.95,12,0,704,1,Lembrete simples,0
CLI3057,63,1218.36,2433.59,3,0,843,0,N/A,0
CLI3058,43,2017.37,312.87,6,0,500,1,Lembrete com opção de renegociar,0
CLI3059,41,1293.78,1150.74,6,1,771,0,N/A,0
CLI3060,55,3074.41,1076.14,6,0,440,0,N/A,0
CLI3061,57,1587.09,1120.61,2,0,611,0,N/A,0
CLI3062,52,1111.43,2598.2,2,0,385,1,Lembrete simples,0
CLI3063,26,2325.09,470.09,2,0,655,0,N/A,0
CLI3064,26,3887.81,2591.18,2,0,571,0,N/A,0
CLI3065,53,1786.9,840.89,3,1,488,1,Lembrete simples,0
CLI3066,29,1342.97,685.41,2,0,686,0,N/A,0
CLI3067,61,3050.55,1341.93,3,0,347,1,Lembrete com opção de renegociar,0
CLI3068,28,2312.14,2672.18,2,1,599,0,N/A,0
CLI3069,39,3509.16,2992.47,4,0,737,0,N/A,0
CLI3070,43,1520.86,1531.89,2,0,429,0,N/A,0
CLI3071,58,3523.92,1196.19,9,0,519,0,N/A,0
CLI3072,63,1692.67,2321.22,12,0,529,0,N/A,0
CLI3073,27,3709.94,1575.15,4,1,414,0,N/A,0
CLI3074,50,2528.67,2005.21,2,1,478,0,N/A,0
CLI3075,29,2049.1,595.18,6,1,679,0,N/A,0
CLI3076,60,2303.54,1972.57,4,0,798,0,N/A,0
CLI3077,56,1236.53,842.32,2,0,655,0,N/A,0
CLI3078,50,1045.63,824.33,6,1,756,0,N/A,0
CLI3079,58,5579.02,2791.84,2,0,300,0,N/A,0
CLI3080,28,2137.78,1515.5,3,1,658,0,N/A,0
CLI3081,49,3542.53,657.72,6,0,723,0,N/A,0
CLI3082,27,2169.7,2642.83,4,0,841,0,N/A,0
CLI3083,28,1764.03,1501.08,4,1,646,0,N/A,0
CLI3084,22,3318.12,91.16,9,0,581,1,Lembrete com opção de renegociar,0
CLI3085,40,4042.15,1296.73,12,0,441,0,N/A,0
CLI3086,38,1215.57,2458.35,3,0,413,1,Lembrete simples,0
CLI3087,59,2226.09,532.94,6,0,941,0,N/A,0
CLI3088,35,1584.98,1239.2,4,0,625,0,N/A,0
CLI3089,42,2506.42,2109.41,9,0,687,0,N/A,0
CLI3090,37,3650.48,1498.8,6,0,300,1,Lembrete com opção de renegociar,0
CLI3091,47,1046.83,2236.46,3,0,773,1,Lembrete com opção de renegociar,0
CLI3092,58,1755.22,692.79,3,1,460,0,N/A,0
CLI3093,59,3304.03,2560.26,9,0,633,1,Lembrete simples,0
CLI3094,30,4365.11,1135.53,2,0,739,0,N/A,0
CLI3095,41,1863.71,984.71,3,0,556,0,N/A,0
CLI3096,62,1789.79,1235.11,3,0,607,0,N/A,0
CLI3097,52,5036.65,1306.57,12,1,690,0,N/A,0
CLI3098,58,3354.55,2756.78,2,0,696,0,N/A,0
CLI3099,58,2929.27,2951.11,4,0,613,1,Lembrete com opção de renegociar,0
CLI3100,40,3617.43,923.01,6,0,408,1,Lembrete simples,1
CLI3101,24,2346.26,684.98,3,1,631,0,N/A,0
CLI3102,46,1840.19,621.05,2,0,776,0,N/A,0
CLI3103,39,1104.15,1922.83,9,1,681,1,Lembrete simples,0
CLI3104,20,8965.78,2872.99,12,0,616,1,Lembrete com opção de renegociar,0
CLI3105,36,1015.98,116.5,2,1,433,0,N/A,0
CLI3106,22,979.07,796.24,12,0,682,0,N/A,0
CLI3107,41,3322.68,2663.8,2,0,380,0,N/A,0
CLI3108,26,1632.92,2173.03,3,0,714,0,N/A,0
CLI3109,31,2807.46,744.68,6,1,300,1,Lembrete com opção de renegociar,0
CLI3110,47,900.0,2302.15,12,0,803,0,N/A,0
CLI3111,44,1694.43,615.63,2,1,512,0,N/A,0
CLI3112,32,1596.15,2748.62,12,1,408,1,Lembrete simples,1
CLI3113,62,3127.2,107.77,2,1,479,0,N/A,0
CLI3114,55,3033.38,1596.3,4,1,536,0,N/A,0
CLI3115,56,3075.14,2906.96,12,0,411,1,Lembrete com opção de renegociar,0
CLI3116,45,3585.64,2644.47,4,0,651,0,N/A,0
CLI3117,36,1631.08,2684.57,4,1,565,1,Lembrete com opção de renegociar,1
CLI3118,26,2301.68,438.5,4,0,720,0,N/A,0
CLI3119,63,1475.92,2703.3,4,0,795,1,Lembrete com opção de renegociar,1
CLI3120,30,1265.67,1223.42,3,0,934,0,N/A,0
CLI3121,36,1986.57,1397.02,3,1,300,1,Lembrete com opção de renegociar,1
CLI3122,63,2635.85,1994.95,6,1,584,0,N/A,0
CLI3123,21,1953.86,2511.78,3,0,554,1,Lembrete simples,0
CLI3124,37,900.0,2527.0,2,0,683,1,Lembrete com opção de renegociar,1
CLI3125,33,1561.92,2256.06,4,1,525,0,N/A,0
CLI3126,35,1611.09,2958.8,4,0,820,1,Lembrete com opção de renegociar,1
CLI3127,18,4781.12,366.97,2,0,418,0,N/A,0
CLI3128,49,2123.99,465.9,6,0,533,0,N/A,0
CLI3129,25,1888.23,2835.65,2,1,898,0,N/A,0
CLI3130,41,3843.57,1680.85,6,0,417,0,N/A,0
CLI3131,64,1809.02,86.35,4,0,582,0,N/A,0
CLI3132,44,4327.18,1874.1,2,0,537,1,Lembrete simples,0
CLI3133,59,2153.39,1417.07,3,0,600,0,N/A,0
CLI3134,47,1320.68,2872.47,4,1,759,1,Lembrete com opção de renegociar,0
CLI3135,61,7076.98,2496.03,3,0,603,0,N/A,0
CLI3136,56,3567.26,1651.77,4,0,667,0,N/A,0
CLI3137,53,2186.72,2556.18,2,0,300,1,Lembrete simples,0
CLI3138,26,1385.47,1447.79,3,1,523,0,N/A,0
CLI3139,28,1187.08,2969.8,3,1,413,1,Lembrete com opção de renegociar,1
CLI3140,37,1441.66,2579.01,6,0,592,0,N/A,0
CLI3141,20,2409.14,2716.17,4,0,405,1,Lembrete simples,1
CLI3142,63,900.0,181.03,2,0,661,0,N/A,0
CLI3143,36,2200.68,2048.18,2,0,807,0,N/A,0
CLI3144,40,1764.56,2475.41,4,1,961,0,N/A,0
CLI3145,62,1957.07,1196.49,12,1,742,0,N/A,0
CLI3146,50,2096.34,1298.1,6,0,447,1,Lembrete com opção de renegociar,0
CLI3147,49,4555.1,2530.62,6,0,601,0,N/A,0
CLI3148,54,1592.26,1037.2,4,0,848,0,N/A,0
CLI3149,41,1053.51,540.16,2,1,563,0,N/A,0
CLI3150,38,1050.3,2530.16,2,1,353,1,Lembrete simples,1
CLI3151,43,2404.46,878.92,2,1,727,0,N/A,0
CLI3152,21,2810.67,2177.8,12,1,805,0,N/A,0
CLI3153,30,1113.8,149.74,6,1,785,0,N/A,0
CLI3154,21,955.83,1859.36,2,1,753,0,N/A,0
CLI3155,25,1678.25,2957.18,3,0,791,1,Lembrete simples,1
CLI3156,61,2386.46,2946.3,6,0,667,0,N/A,0
CLI3157,45,4911.16,1228.53,3,0,657,0,N/A,0
CLI3158,34,1035.82,1439.2,2,1,702,1,Lembrete simples,0
CLI3159,29,2252.68,1050.54,12,0,824,0,N/A,0
CLI3160,49,2539.07,1717.39,4,0,455,1,Lembrete com opção de renegociar,0
CLI3161,34,1580.98,1826.59,2,1,542,0,N/A,0
CLI3162,56,3505.47,1955.94,2,1,415,0,N/A,0
CLI3163,22,2354.88,2936.32,3,0,922,0,N/A,0
CLI3164,21,1774.08,2750.85,6,1,518,0,N/A,0
CLI3165,44,3656.43,2690.28,9,0,638,0,N/A,0
CLI3166,32,2008.92,756.64,3,1,347,1,Lembrete simples,0
CLI3167,37,1332.44,1701.46,9,0,788,0,N/A,0
CLI3168,42,3093.04,702.86,2,0,511,0,N/A,0
CLI3169,21,1992.22,1743.72,2,1,1000,0,N/A,0
CLI3170,30,1148.55,422.47,9,0,696,0,N/A,0
CLI3171,35,2784.34,1643.41,3,0,744,0,N/A,0
CLI3172,24,2464.37,2259.04,4,0,336,1,Lembrete com opção de renegociar,0
CLI3173,27,1786.75,2304.75,6,0,578,0,N/A,0
CLI3174,63,1801.52,283.61,2,1,682,0,N/A,0
CLI3175,45,4303.85,1503.66,4,1,617,0,N/A,0
CLI3176,31,1383.81,1037.06,12,0,780,0,N/A,0
CLI3177,56,1200.89,248.33,2,1,544,1,Lembrete com opção de renegociar,0
CLI3178,33,900.0,1267.23,2,1,555,0,N/A,0
CLI3179,33,2387.55,2805.14,12,0,639,0,N/A,0
CLI3180,52,2139.97,261.9,6,0,332,0,N/A,0
CLI3181,31,1834.04,703.92,6,0,525,0,N/A,0
CLI3182,22,1260.15,1844.35,3,1,391,0,N/A,0
CLI3183,61,4504.95,1574.23,2,0,683,0,N/A,0
CLI3184,62,5746.57,937.78,2,0,690,0,N/A,0
CLI3185,48,1648.43,1769.32,3,0,818,0,N/A,0
CLI3186,35,1209.95,2307.13,4,0,881,0,N/A,0
CLI3187,23,1973.54,1628.55,12,1,476,0,N/A,0
CLI3188,30,1261.78,1498.28,6,1,486,0,N/A,0
CLI3189,58,2906.63,1458.46,6,0,613,0,N/A,0
CLI3190,39,2798.45,382.8,2,0,507,0,N/A,0
CLI3191,58,1399.58,690.93,12,0,754,0,N/A,0
CLI3192,27,3432.09,2068.13,6,0,686,0,N/A,0
CLI3193,48,1083.78,527.84,4,0,594,0,N/A,0
CLI3194,21,1574.41,580.95,3,0,590,0,N/A,0
CLI3195,54,1674.94,1121.86,2,0,641,0,N/A,0
CLI3196,38,4211.87,2529.02,6,1,625,0,N/A,0
CLI3197,56,2927.98,2277.86,2,1,846,0,N/A,0
CLI3198,55,1627.3,1315.49,4,1,498,1,Lembrete simples,1
CLI3199,49,1296.6,2604.55,4,0,723,0,N/A,0
CLI3200,48,2011.47,2553.18,3,1,651,0,N/A,0
CLI3201,30,2069.46,2438.61,2,0,737,1,Lembrete com opção de renegociar,1
CLI3202,22,900.0,1812.52,4,0,492,0,N/A,0
CLI3203,45,2759.33,620.1,12,0,481,1,Lembrete com opção de renegociar,0
CLI3204,22,2218.3,1897.81,3,0,703,0,N/A,0
CLI3205,38,4452.4,219.74,9,1,499,0,N/A,0
CLI3206,62,1645.15,2225.05,6,1,684,0,N/A,0
CLI3207,22,2943.75,650.11,3,0,621,0,N/A,0
CLI3208,56,4174.9,1123.66,4,0,469,0,N/A,0
CLI3209,29,1616.82,2764.89,4,1,537,1,Lembrete simples,0
CLI3210,61,2061.62,1258.75,9,1,735,0,N/A,0
CLI3211,26,1836.48,1674.6,2,0,590,0,N/A,0
CLI3212,21,952.87,239.24,9,1,660,0,N/A,0
CLI3213,48,1303.31,710.25,2,0,648,0,N/A,0
CLI3214,56,3129.38,2890.21,3,0,651,0,N/A,0
CLI3215,25,4300.24,2371.45,9,1,301,0,N/A,0
CLI3216,47,1622.71,2503.28,3,0,885,1,Lembrete simples,1
CLI3217,35,2996.07,273.2,4,0,481,0,N/A,0
CLI3218,54,2343.2,2790.35,4,0,657,0,N/A,0
CLI3219,60,1937.92,2983.14,2,0,806,0,N/A,0
CLI3220,36,1739.46,1268.72,6,0,668,0,N/A,0
CLI3221,27,1273.9,803.17,2,0,403,0,N/A,0
CLI3222,36,1194.95,625.75,3,1,648,0,N/A,0
CLI3223,18,943.61,1654.51,3,0,391,1,Lembrete simples,1
CLI3224,49,900.0,1953.95,9,1,721,1,Lembrete simples,1
CLI3225,51,6077.19,2371.71,9,1,404,0,N/A,0
CLI3226,59,2482.1,1287.96,2,0,365,0,N/A,0
CLI3227,32,2727.7,2807.51,4,1,495,1,Lembrete simples,0
CLI3228,59,3759.41,1003.41,4,0,889,0,N/A,0
CLI3229,23,900.0,1072.12,3,0,777,0,N/A,0
CLI3230,30,1232.65,2214.2,12,0,612,1,Lembrete com opção de renegociar,1
CLI3231,28,1038.65,579.89,4,0,643,0,N/A,0
CLI3232,46,1954.02,1409.38,4,0,602,0,N/A,0
CLI3233,50,2129.74,1219.12,12,1,656,0,N/A,0
CLI3234,23,900.0,1608.23,4,0,675,0,N/A,0
CLI3235,54,1914.09,1985.02,12,0,422,0,N/A,0
CLI3236,62,3603.01,716.69,4,0,384,0,N/A,0
CLI3237,46,1652.45,1421.68,6,1,502,0,N/A,0
CLI3238,51,2134.73,1142.21,3,0,444,1,Lembrete simples,1
CLI3239,49,1494.22,1662.63,3,0,551,1,Lembrete com opção de renegociar,1
CLI3240,36,1800.92,763.08,2,0,610,0,N/A,0
CLI3241,21,2016.64,2766.75,6,1,395,1,Lembrete simples,0
CLI3242,34,3314.14,2382.54,4,1,508,0,N/A,0
CLI3243,39,1447.66,2325.97,12,1,518,1,Lembrete com opção de renegociar,0
CLI3244,59,2620.1,2193.59,3,1,330,0,N/A,0
CLI3245,46,1816.78,1007.65,9,1,451,0,N/A,0
CLI3246,43,1460.59,342.07,12,0,498,0,N/A,0
CLI3247,21,1379.72,541.32,6,1,315,0,N/A,0
CLI3248,58,5828.39,472.87,2,1,379,1,Lembrete com opção de renegociar,0
CLI3249,39,1377.4,747.22,2,0,583,0,N/A,0
CLI3250,24,3049.2,2482.87,3,1,542,0,N/A,0
CLI3251,37,1605.24,2837.64,4,1,438,1,Lembrete com opção de renegociar,1
CLI3252,20,1388.32,2945.01,4,1,705,0,N/A,0
CLI3253,18,1208.09,64.69,2,0,791,0,N/A,0
CLI3254,34,2939.03,2922.74,9,0,460,0,N/A,0
CLI3255,45,1602.32,1797.83,6,1,613,0,N/A,0
CLI3256,34,1165.2,151.32,3,0,718,0,N/A,0
CLI3257,54,2258.35,2729.59,3,1,560,0,N/A,0
CLI3258,35,1317.35,2745.66,12,1,872,1,Lembrete simples,0
CLI3259,37,4188.3,2499.44,9,1,408,0,N/A,0
CLI3260,24,2309.11,258.29,3,0,638,0,N/A,0
CLI3261,26,1185.03,2778.22,2,0,651,1,Lembrete com opção de renegociar,0
CLI3262,49,900.0,2050.25,9,0,618,1,Lembrete com opção de renegociar,0
CLI3263,19,1488.84,2553.63,4,1,742,0,N/A,0
CLI3264,29,2071.02,1909.91,2,1,518,0,N/A,0
CLI3265,37,2099.6,311.32,2,0,726,0,N/A,0
CLI3266,51,4317.78,1927.61,4,1,461,0,N/A,0
CLI3267,38,2057.5,1302.54,4,0,336,0,N/A,0
CLI3268,41,1467.49,1391.98,12,1,729,0,N/A,0
CLI3269,53,3506.51,1033.13,4,0,743,0,N/A,0
CLI3270,33,1050.68,2086.45,4,0,419,1,Lembrete com opção de renegociar,1
CLI3271,47,1257.62,1689.78,4,0,591,0,N/A,0
CLI3272,21,1141.19,1064.28,6,0,754,1,Lembrete com opção de renegociar,1
CLI3273,64,3399.7,106.72,9,1,316,0,N/A,0
CLI3274,63,1452.44,1891.33,9,0,601,0,N/A,0
CLI3275,47,3442.73,807.7,6,0,522,0,N/A,0
CLI3276,64,1390.26,2867.82,3,0,717,0,N/A,0
CLI3277,42,2389.08,1601.67,2,0,579,0,N/A,0
CLI3278,27,1249.11,693.12,9,0,517,1,Lembrete simples,0
CLI3279,59,2337.96,2381.44,4,1,787,0,N/A,0
CLI3280,39,1960.53,1971.97,3,0,574,0,N/A,0
CLI3281,56,1951.46,862.82,4,0,545,0,N/A,0
CLI3282,28,1141.07,2433.38,9,1,811,0,N/A,0
CLI3283,29,2180.6,2008.03,2,1,585,0,N/A,0
CLI3284,28,2453.6,2319.79,12,1,854,0,N/A,0
CLI3285,49,4046.1,2279.74,3,0,661,0,N/A,0
CLI3286,20,3728.2,1391.15,4,0,434,1,Lembrete com opção de renegociar,1
CLI3287,22,2028.63,1377.81,9,0,498,0,N/A,0
CLI3288,31,2374.13,2554.33,2,0,493,0,N/A,0
CLI3289,64,1993.25,345.2,2,1,444,1,Lembrete simples,0
CLI3290,63,2687.62,2292.41,6,1,486,0,N/A,0
CLI3291,42,4031.68,1813.63,2,1,634,0,N/A,0
CLI3292,43,2357.99,2383.56,2,0,678,0,N/A,0
CLI3293,24,4632.3,2032.69,3,1,959,0,N/A,0
CLI3294,51,1130.63,1308.57,6,0,724,0,N/A,0
CLI3295,37,2939.74,1244.65,4,0,904,0,N/A,0
CLI3296,47,1573.52,2905.73,2,0,566,1,Lembrete com opção de renegociar,0
CLI3297,35,3648.48,1053.53,12,1,795,0,N/A,0
CLI3298,58,5273.39,59.84,4,0,300,0,N/A,0
CLI3299,61,1423.03,719.82,4,0,628,1,Lembrete com opção de renegociar,0
CLI3300,19,2193.54,979.84,4,1,624,0,N/A,0
CLI3301,56,2877.98,1216.38,6,0,678,0,N/A,0
CLI3302,30,2059.84,2835.67,6,0,560,0,N/A,0
CLI3303,36,1490.39,1106.87,2,1,827,0,N/A,0
CLI3304,34,952.93,1655.46,6,0,682,0,N/A,0
CLI3305,28,2708.45,212.36,4,1,660,0,N/A,0
CLI3306,19,2897.96,1481.46,9,0,713,0,N/A,0
CLI3307,46,2905.26,1964.41,4,0,680,0,N/A,0
CLI3308,36,2128.6,2315.68,3,1,517,0,N/A,0
CLI3309,21,2000.54,1597.31,4,0,550,1,Lembrete com opção de renegociar,0
CLI3310,53,2587.1,482.08,3,1,476,1,Lembrete simples,0
CLI3311,41,900.0,1151.97,12,1,857,0,N/A,0
CLI3312,59,2229.04,2938.66,4,1,579,0,N/A,0
CLI3313,62,1387.87,1502.19,2,1,415,0,N/A,0
CLI3314,43,3176.8,2996.65,9,1,669,0,N/A,0
CLI3315,55,6143.26,450.6,6,0,526,0,N/A,0
CLI3316,42,1419.93,1810.84,12,1,799,0,N/A,0
CLI3317,22,2310.17,2737.92,2,1,385,0,N/A,0
CLI3318,19,1066.65,805.51,9,1,435,0,N/A,0
CLI3319,25,5399.17,2840.17,6,1,768,0,N/A,0
CLI3320,37,2507.69,1332.91,3,1,443,1,Lembrete simples,0
CLI3321,45,3010.41,2471.76,12,0,665,1,Lembrete simples,1
CLI3322,27,1230.87,839.54,2,1,479,0,N/A,0
CLI3323,45,900.0,2733.93,2,0,637,1,Lembrete com opção de renegociar,1
CLI3324,37,900.0,2338.43,2,1,473,1,Lembrete simples,1
CLI3325,26,1101.42,552.34,2,0,743,0,N/A,0
CLI3326,31,2163.96,1426.49,4,0,673,1,Lembrete simples,1
CLI3327,34,931.54,1708.78,6,1,526,1,Lembrete com opção de renegociar,0
CLI3328,32,2893.63,718.83,6,0,543,0,N/A,0
CLI3329,27,1162.24,1606.37,12,1,444,0,N/A,0
CLI3330,32,1024.93,338.6,4,0,449,1,Lembrete com opção de renegociar,0
CLI3331,45,3838.61,2402.24,2,1,352,1,Lembrete simples,0
CLI3332,45,1694.41,1013.24,2,0,602,0,N/A,0
CLI3333,36,1298.78,204.26,6,0,631,0,N/A,0
CLI3334,55,2079.47,1987.67,3,0,831,0,N/A,0
CLI3335,41,1715.48,392.54,3,1,552,0,N/A,0
CLI3336,40,1715.97,2762.95,6,1,755,0,N/A,0
CLI3337,50,3852.5,2527.25,9,0,737,1,Lembrete com opção de renegociar,1
CLI3338,52,925.51,1192.42,6,0,684,1,Lembrete com opção de renegociar,0
CLI3339,50,1344.24,2439.72,6,0,300,1,Lembrete com opção de renegociar,0
CLI3340,25,2440.11,2772.11,9,0,300,1,Lembrete simples,0
CLI3341,61,1329.93,2873.59,6,0,628,1,Lembrete com opção de renegociar,1
CLI3342,47,1071.14,1004.77,2,1,736,0,N/A,0
CLI3343,28,1013.66,547.55,4,0,998,0,N/A,0
CLI3344,42,1712.78,72.07,4,0,382,0,N/A,0
CLI3345,53,1617.87,1185.28,4,0,669,1,Lembrete simples,0
CLI3346,57,2130.86,430.83,12,1,342,0,N/A,0
CLI3347,58,2141.1,1769.92,6,1,718,0,N/A,0
CLI3348,37,1738.13,2627.94,4,0,636,0,N/A,0
CLI3349,29,1138.2,991.83,9,0,788,0,N/A,0
CLI3350,18,1743.84,2180.45,2,0,483,1,Lembrete simples,0
CLI3351,55,2293.17,1599.95,6,0,418,0,N/A,0
CLI3352,48,3918.0,710.23,3,0,646,0,N/A,0
CLI3353,48,1418.51,81.99,9,0,524,1,Lembrete simples,0
CLI3354,29,1483.23,2436.31,2,0,541,1,Lembrete simples,0
CLI3355,48,1075.08,1890.72,12,0,300,0,N/A,0
CLI3356,43,2628.87,2545.67,9,1,722,0,N/A,0
CLI3357,50,3263.02,231.21,9,0,471,1,Lembrete simples,0
CLI3358,37,1459.76,1006.13,6,0,644,0,N/A,0
CLI3359,51,2350.13,770.29,9,0,724,0,N/A,0
CLI3360,24,1080.61,266.67,2,1,457,0,N/A,0
CLI3361,37,1635.87,673.65,3,1,359,1,Lembrete com opção de renegociar,0
CLI3362,44,900.0,1230.65,4,1,403,1,Lembrete com opção de renegociar,0
CLI3363,48,1322.81,1169.22,2,0,592,0,N/A,0
CLI3364,18,2635.09,1767.14,6,0,708,0,N/A,0
CLI3365,33,2323.82,210.2,3,1,610,0,N/A,0
CLI3366,28,3030.7,1445.96,6,0,733,0,N/A,0
CLI3367,39,3005.56,502.32,3,1,427,0,N/A,0
CLI3368,22,1764.28,1409.76,12,0,775,0,N/A,0
CLI3369,19,4000.96,508.82,4,1,510,1,Lembrete com opção de renegociar,1
CLI3370,62,1191.63,808.06,6,1,527,0,N/A,0
CLI3371,64,1069.26,84.47,4,0,497,0,N/A,0
CLI3372,60,2859.91,2024.84,2,1,355,0,N/A,0
CLI3373,28,1740.84,896.89,9,1,552,1,Lembrete simples,0
CLI3374,36,2183.07,166.7,4,0,767,0,N/A,0
CLI3375,48,2102.34,1170.03,12,0,577,0,N/A,0
CLI3376,58,1326.48,1237.08,4,1,749,0,N/A,0
CLI3377,57,2450.28,2809.35,12,1,418,1,Lembrete com opção de renegociar,1
CLI3378,41,1076.81,1756.45,3,1,839,0,N/A,0
CLI3379,63,1118.63,264.96,4,0,641,0,N/A,0
CLI3380,38,2199.86,53.27,12,0,687,0,N/A,0
CLI3381,50,2284.35,2151.53,12,1,683,0,N/A,0
CLI3382,64,900.0,1355.31,4,0,591,0,N/A,0
CLI3383,51,2488.55,2950.1,3,1,616,1,Lembrete com opção de renegociar,1
CLI3384,46,1539.44,2423.42,6,0,679,1,Lembrete com opção de renegociar,0
CLI3385,53,900.0,790.56,3,0,554,0,N/A,0
CLI3386,24,1779.65,2233.43,3,0,847,0,N/A,0
CLI3387,18,1542.63,1864.35,3,1,627,1,Lembrete simples,0
CLI3388,28,900.0,1909.37,2,0,405,1,Lembrete simples,0
CLI3389,22,1304.29,2538.81,3,0,601,1,Lembrete com opção de renegociar,0
CLI3390,30,916.08,1385.09,9,0,802,0,N/A,0
CLI3391,54,1205.93,97.4,3,1,543,0,N/A,0
CLI3392,57,4850.52,1604.63,3,0,512,1,Lembrete com opção de renegociar,0
CLI3393,22,1919.11,1988.28,3,0,314,0,N/A,0
CLI3394,51,1319.59,260.52,12,0,573,0,N/A,0
CLI3395,36,900.0,457.13,2,1,706,0,N/A,0
CLI3396,25,3584.89,2730.51,4,1,484,0,N/A,0
CLI3397,30,2610.26,2695.94,9,0,588,1,Lembrete com opção de renegociar,0
CLI3398,26,941.01,547.74,4,1,782,0,N/A,0
CLI3399,30,2834.44,2523.41,9,0,571,0,N/A,0
CLI3400,62,900.0,2711.21,2,0,645,1,Lembrete com opção de renegociar,0
CLI3401,40,2446.86,414.37,2,0,639,0,N/A,0
CLI3402,39,1756.22,2696.16,4,0,639,0,N/A,0
CLI3403,63,1234.12,2635.81,12,0,463,1,Lembrete com opção de renegociar,0
CLI3404,61,1715.31,2196.47,2,1,485,0,N/A,0
CLI3405,21,1253.65,1537.04,3,0,667,1,Lembrete simples,0
CLI3406,56,2278.39,323.79,3,0,1000,0,N/A,0
CLI3407,49,3160.78,580.45,12,0,538,0,N/A,0
CLI3408,18,2399.0,2873.7,3,1,636,0,N/A,0
CLI3409,31,2099.91,1563.87,9,1,683,1,Lembrete simples,0
CLI3410,40,2610.58,1429.61,9,1,649,1,Lembrete com opção de renegociar,0
CLI3411,47,6243.01,2931.36,3,0,519,0,N/A,0
CLI3412,18,2276.17,1558.69,12,0,587,1,Lembrete simples,1
CLI3413,59,3767.78,339.82,4,0,490,0,N/A,0
CLI3414,28,1822.62,1080.97,3,1,545,0,N/A,0
CLI3415,49,4756.29,2385.35,6,0,392,0,N/A,0
CLI3416,43,900.0,1064.87,4,0,577,1,Lembrete simples,0
CLI3417,59,2287.52,1436.99,12,0,321,1,Lembrete com opção de renegociar,0
CLI3418,28,2886.56,2201.43,12,1,553,0,N/A,0
CLI3419,35,1065.75,2018.04,4,0,662,0,N/A,0
CLI3420,30,1893.46,675.65,2,1,448,0,N/A,0
CLI3421,31,7025.29,1336.12,3,0,612,0,N/A,0
CLI3422,63,3355.15,954.12,3,1,439,0,N/A,0
CLI3423,31,1699.85,1596.15,3,1,556,0,N/A,0
CLI3424,35,1612.6,863.33,12,0,765,0,N/A,0
CLI3425,22,1349.75,961.29,2,1,386,1,Lembrete simples,0
CLI3426,27,1581.4,2445.55,9,0,876,1,Lembrete com opção de renegociar,0
CLI3427,55,2859.85,1065.23,3,1,873,0,N/A,0
CLI3428,55,1417.71,1983.66,4,0,543,0,N/A,0
CLI3429,31,1353.72,1781.01,4,0,592,1,Lembrete com opção de renegociar,0
CLI3430,50,2815.11,2155.83,12,1,665,0,N/A,0
CLI3431,42,1331.27,2841.61,4,0,437,1,Lembrete com opção de renegociar,0
CLI3432,39,1700.8,2184.49,6,0,690,1,Lembrete simples,0
CLI3433,63,1201.46,593.55,9,0,674,0,N/A,0
CLI3434,58,1503.87,2377.21,12,0,648,1,Lembrete com opção de renegociar,0
CLI3435,21,1857.44,1945.17,2,1,595,0,N/A,0
CLI3436,35,1683.04,767.37,9,0,620,0,N/A,0
CLI3437,47,1421.98,1909.0,6,0,687,0,N/A,0
CLI3438,28,1979.29,844.99,6,0,528,1,Lembrete simples,0
CLI3439,27,2134.73,2513.84,9,0,738,1,Lembrete simples,0
CLI3440,49,1454.48,1099.86,3,0,666,0,N/A,0
CLI3441,56,1157.44,2988.22,4,0,704,1,Lembrete com opção de renegociar,1
CLI3442,64,1601.77,1335.82,9,1,584,0,N/A,0
CLI3443,43,4594.23,1938.72,2,0,663,1,Lembrete simples,0
CLI3444,57,2671.76,2109.44,4,1,610,0,N/A,0
CLI3445,25,913.18,1537.04,2,0,665,0,N/A,0
CLI3446,28,1213.88,1559.77,4,0,521,0,N/A,0
CLI3447,35,1580.3,2199.87,4,0,650,0,N/A,0
CLI3448,35,2332.44,2346.69,4,1,591,0,N/A,0
CLI3449,34,1623.3,2292.95,6,0,672,0,N/A,0
CLI3450,30,1850.93,599.78,3,0,599,0,N/A,0
CLI3451,51,4570.84,2476.05,2,0,798,0,N/A,0
CLI3452,31,2232.35,1857.32,4,1,431,0,N/A,0
CLI3453,40,1806.27,974.14,12,0,382,1,Lembrete com opção de renegociar,1
CLI3454,57,4585.27,1184.4,6,0,579,0,N/A,0
CLI3455,18,1479.79,2753.46,4,0,631,1,Lembrete simples,1
CLI3456,40,2505.76,194.05,6,0,846,0,N/A,0
CLI3457,63,1554.68,1744.61,2,0,660,0,N/A,0
CLI3458,19,2986.42,782.74,3,1,590,0,N/A,0
CLI3459,62,3067.24,846.86,3,1,362,0,N/A,0
CLI3460,19,1019.17,1084.45,2,1,388,0,N/A,0
CLI3461,44,1490.95,2328.51,4,1,592,1,Lembrete simples,0
CLI3462,59,1536.84,847.45,4,1,717,0,N/A,0
CLI3463,49,1601.31,2537.24,3,1,410,1,Lembrete simples,1
CLI3464,62,1207.14,2640.4,2,0,750,1,Lembrete com opção de renegociar,0
CLI3465,21,2215.1,937.48,12,0,816,0,N/A,0
CLI3466,30,2917.06,2027.98,4,0,552,0,N/A,0
CLI3467,25,5151.08,1260.49,4,1,824,0,N/A,0
CLI3468,32,1621.78,2505.71,4,0,561,0,N/A,0
CLI3469,49,3615.67,479.47,4,1,521,0,N/A,0
CLI3470,57,975.78,2997.87,4,0,344,1,Lembrete com opção de renegociar,1
CLI3471,25,2367.92,1178.72,3,0,831,0,N/A,0
CLI3472,19,900.0,2794.06,3,1,812,0,N/A,0
CLI3473,43,2067.82,2821.2,6,0,707,1,Lembrete com opção de renegociar,0
CLI3474,31,3145.49,871.23,9,0,533,0,N/A,0
CLI3475,18,2860.47,2858.03,6,0,635,0,N/A,0
CLI3476,46,1347.65,527.98,2,0,533,0,N/A,0
CLI3477,23,1863.22,1087.46,12,1,375,1,Lembrete com opção de renegociar,0
CLI3478,57,2019.65,1589.47,3,0,609,1,Lembrete simples,0
CLI3479,42,3013.68,1207.59,9,1,516,0,N/A,0
CLI3480,26,900.0,1006.77,6,0,790,0,N/A,0
CLI3481,40,1882.8,2737.53,6,1,571,0,N/A,0
CLI3482,61,2306.72,1578.93,3,0,300,0,N/A,0
CLI3483,58,2698.16,297.52,4,1,301,1,Lembrete simples,1
CLI3484,39,2760.69,2015.3,4,1,424,0,N/A,0
CLI3485,28,2544.34,2842.35,4,0,655,0,N/A,0
CLI3486,64,1517.28,2407.92,6,0,657,0,N/A,0
CLI3487,45,1861.88,632.78,4,1,629,0,N/A,0
CLI3488,30,4210.29,988.7,3,0,615,0,N/A,0
CLI3489,37,1666.8,703.1,6,1,722,0,N/A,0
CLI3490,19,1116.88,700.12,6,0,450,1,Lembrete simples,0
CLI3491,22,3981.7,211.19,2,0,505,1,Lembrete com opção de renegociar,0
CLI3492,54,2464.77,2222.47,2,0,636,0,N/A,0
CLI3493,49,1643.19,2506.49,3,1,476,1,Lembrete com opção de renegociar,0
CLI3494,43,1823.53,2801.51,6,0,490,0,N/A,0
CLI3495,26,2375.23,1565.47,9,0,608,0,N/A,0
CLI3496,21,1580.05,2094.49,3,0,667,1,Lembrete simples,0
CLI3497,29,960.92,803.41,2,0,540,0,N/A,0
CLI3498,18,2688.22,379.24,9,0,422,1,Lembrete com opção de renegociar,0
CLI3499,59,2987.07,1006.52,6,1,600,0,N/A,0
CLI3500,18,2654.0,2189.02,6,1,560,0,N/A,0
CLI3501,39,1188.92,599.84,12,0,531,1,Lembrete com opção de renegociar,1
CLI3502,50,2888.24,863.09,6,0,759,0,N/A,0
CLI3503,28,984.3,428.47,4,0,596,0,N/A,0
CLI3504,32,1245.5,221.41,6,0,377,0,N/A,0
CLI3505,46,2766.38,2213.23,2,0,439,1,Lembrete simples,0
CLI3506,62,4807.14,2209.15,2,1,530,0,N/A,0
CLI3507,62,1051.14,322.01,6,1,846,0,N/A,0
CLI3508,25,2391.6,736.72,3,1,697,0,N/A,0
CLI3509,59,1466.14,1342.67,6,0,819,0,N/A,0
CLI3510,48,1589.98,52.79,12,0,576,0,N/A,0
CLI3511,47,1857.73,2686.93,2,0,503,0,N/A,0
CLI3512,32,1554.66,1506.76,2,0,689,0,N/A,0
CLI3513,39,3106.54,2200.31,12,1,300,0,N/A,0
CLI3514,25,2012.8,2177.1,9,0,665,1,Lembrete simples,0
CLI3515,58,2343.92,1551.71,4,0,556,1,Lembrete com opção de renegociar,1
CLI3516,31,1389.45,921.72,4,1,614,0,N/A,0
CLI3517,21,1994.05,1639.55,3,1,414,1,Lembrete simples,1
CLI3518,52,2968.08,2385.37,2,0,567,0,N/A,0
CLI3519,60,4383.92,1923.38,6,0,425,0,N/A,0
CLI3520,50,1108.58,1904.27,2,0,432,0,N/A,0
CLI3521,62,1266.13,1378.45,9,1,355,1,Lembrete com opção de renegociar,0
CLI3522,35,1434.93,1282.92,2,0,581,0,N/A,0
CLI3523,43,1092.51,388.58,4,0,595,0,N/A,0
CLI3524,20,2793.24,2922.82,9,0,631,0,N/A,0
CLI3525,60,1579.83,1431.07,2,0,557,0,N/A,0
CLI3526,34,4001.04,656.2,4,1,740,0,N/A,0
CLI3527,41,1051.1,2515.19,2,0,635,1,Lembrete com opção de renegociar,0
CLI3528,59,2120.62,2771.61,6,1,759,0,N/A,0
CLI3529,56,3539.26,2021.84,2,0,643,0,N/A,0
CLI3530,45,1571.97,1123.06,12,1,428,0,N/A,0
CLI3531,41,1864.33,1637.83,3,0,519,0,N/A,0
CLI3532,20,3871.3,1389.16,6,1,574,0,N/A,0
CLI3533,39,1109.24,1463.45,3,1,692,0,N/A,0
CLI3534,41,1375.39,1535.68,12,0,629,1,Lembrete com opção de renegociar,0
CLI3535,22,2139.59,1934.47,6,0,591,0,N/A,0
CLI3536,46,3372.25,2540.34,9,1,641,0,N/A,0
CLI3537,54,1431.24,2080.82,6,1,645,0,N/A,0
CLI3538,24,3661.17,2024.75,9,0,665,0,N/A,0
CLI3539,38,2047.06,1952.84,3,0,667,1,Lembrete com opção de renegociar,0
CLI3540,27,951.73,2404.55,2,0,707,1,Lembrete com opção de renegociar,1
CLI3541,23,900.0,1122.97,2,0,300,0,N/A,0
CLI3542,54,3829.28,2793.67,6,1,529,0,N/A,0
CLI3543,34,3423.7,2447.56,2,1,709,0,N/A,0
CLI3544,41,954.0,135.0,4,1,775,0,N/A,0
CLI3545,48,2940.97,1223.45,4,0,304,0,N/A,0
CLI3546,29,2651.67,1872.72,2,0,510,0,N/A,0
CLI3547,23,2467.62,2934.75,4,0,540,0,N/A,0
CLI3548,61,2501.65,2833.2,4,0,805,0,N/A,0
CLI3549,43,3541.35,2118.39,3,1,451,0,N/A,0
CLI3550,27,2783.93,216.44,6,0,570,0,N/A,0
CLI3551,21,4560.07,1270.76,2,0,375,1,Lembrete com opção de renegociar,1
CLI3552,64,1240.49,1228.47,6,0,661,0,N/A,0
CLI3553,25,2610.57,592.95,6,0,300,1,Lembrete simples,1
CLI3554,60,1502.73,933.2,9,0,519,0,N/A,0
CLI3555,32,1839.96,1193.16,3,1,839,0,N/A,0
CLI3556,25,2607.79,2292.14,6,1,657,0,N/A,0
CLI3557,23,5865.07,1787.67,3,0,420,1,Lembrete com opção de renegociar,0
CLI3558,55,2998.23,2317.89,2,0,535,0,N/A,0
CLI3559,18,2914.32,223.55,4,0,510,0,N/A,0
CLI3560,50,1674.94,761.2,6,0,403,0,N/A,0
CLI3561,28,1798.94,2174.03,3,0,722,1,Lembrete simples,1
CLI3562,31,900.0,1772.53,3,0,569,1,Lembrete simples,0
CLI3563,61,1438.89,1502.47,2,1,704,0,N/A,0
CLI3564,60,900.0,1284.76,12,1,300,1,Lembrete simples,0
CLI3565,46,2312.28,2654.12,3,0,357,1,Lembrete com opção de renegociar,1
CLI3566,60,2308.56,727.97,3,0,538,1,Lembrete com opção de renegociar,0
CLI3567,20,2938.19,2121.92,2,1,348,1,Lembrete simples,0
CLI3568,50,2724.65,1093.46,2,1,502,0,N/A,0
CLI3569,30,3193.72,964.88,2,0,669,0,N/A,0
CLI3570,24,2025.73,1502.5,4,0,584,1,Lembrete simples,0
CLI3571,51,2642.95,2007.79,6,0,634,0,N/A,0
CLI3572,24,2432.47,136.33,4,1,639,0,N/A,0
CLI3573,57,3741.09,266.27,12,1,545,0,N/A,0
CLI3574,32,1798.73,1871.22,6,1,510,1,Lembrete com opção de renegociar,1
CLI3575,33,2692.74,1914.78,3,0,531,0,N/A,0
CLI3576,54,1552.55,1655.25,12,1,463,1,Lembrete com opção de renegociar,0
CLI3577,42,900.0,2866.69,6,0,549,1,Lembrete simples,0
CLI3578,31,6369.6,1945.93,2,1,646,0,N/A,0
CLI3579,24,2731.87,2645.24,12,0,959,0,N/A,0
CLI3580,58,2341.52,1901.39,9,1,504,0,N/A,0
CLI3581,35,1328.1,999.84,2,1,844,0,N/A,0
CLI3582,63,1699.46,2578.87,6,0,487,1,Lembrete com opção de renegociar,1
CLI3583,37,2226.83,1812.07,12,1,677,0,N/A,0
CLI3584,43,1645.3,578.44,2,1,649,0,N/A,0
CLI3585,52,4039.08,1135.91,9,1,528,0,N/A,0
CLI3586,28,900.0,400.9,3,0,647,0,N/A,0
CLI3587,47,3343.7,787.27,6,1,583,0,N/A,0
CLI3588,48,3574.35,1205.2,2,1,458,0,N/A,0
CLI3589,26,2600.97,1814.55,12,0,300,0,N/A,0
CLI3590,40,2043.81,1683.66,12,0,850,0,N/A,0
CLI3591,36,1339.75,2756.78,3,1,657,1,Lembrete com opção de renegociar,0
CLI3592,43,1115.34,2747.4,3,0,663,1,Lembrete com opção de renegociar,0
CLI3593,37,1220.44,401.91,2,1,487,0,N/A,0
CLI3594,18,2016.45,253.43,4,0,798,0,N/A,0
CLI3595,54,1157.39,1389.74,3,0,703,0,N/A,0
CLI3596,64,1130.18,2595.8,6,0,728,1,Lembrete simples,0
CLI3597,60,2904.67,1808.41,3,0,840,0,N/A,0
CLI3598,49,1666.14,2718.94,4,1,809,1,Lembrete com opção de renegociar,0
CLI3599,23,1944.65,1388.05,9,0,488,0,N/A,0
CLI3600,18,985.82,1227.19,3,0,501,0,N/A,0
CLI3601,41,5471.72,971.54,4,0,885,0,N/A,0
CLI3602,58,1517.61,794.53,6,0,809,0,N/A,0
CLI3603,27,1500.58,2643.04,3,0,740,0,N/A,0
CLI3604,21,2536.05,1670.7,4,1,567,0,N/A,0
CLI3605,56,2302.21,1301.88,6,0,460,0,N/A,0
CLI3606,54,1195.55,1966.9,12,0,578,1,Lembrete com opção de renegociar,0
CLI3607,25,1933.5,959.9,6,0,544,0,N/A,0
CLI3608,22,1433.6,722.18,6,0,354,1,Lembrete com opção de renegociar,0
CLI3609,59,2933.08,619.32,3,0,580,0,N/A,0
CLI3610,21,4255.46,2873.26,4,0,500,1,Lembrete com opção de renegociar,0
CLI3611,64,5236.7,2353.5,2,1,588,0,N/A,0
CLI3612,40,2347.43,2339.33,6,0,381,0,N/A,0
CLI3613,52,3657.63,2927.05,4,0,606,0,N/A,0
CLI3614,24,900.0,626.47,2,1,446,0,N/A,0
CLI3615,19,1693.26,778.36,9,1,397,1,Lembrete simples,1
CLI3616,32,2874.85,656.44,6,0,771,0,N/A,0
CLI3617,21,2252.36,2596.77,2,0,582,1,Lembrete simples,0
CLI3618,40,3673.11,570.04,2,0,564,0,N/A,0
CLI3619,29,2255.83,2864.97,2,0,526,1,Lembrete com opção de renegociar,1
CLI3620,42,995.09,295.58,4,1,661,0,N/A,0
CLI3621,39,1226.4,2636.65,4,1,518,1,Lembrete com opção de renegociar,0
CLI3622,47,2766.39,2579.44,2,0,415,1,Lembrete simples,1
CLI3623,41,900.0,2849.74,2,0,481,0,N/A,0
CLI3624,27,2566.81,2195.89,4,1,735,0,N/A,0
CLI3625,64,2979.94,2769.26,2,0,635,0,N/A,0
CLI3626,19,2697.57,1899.62,2,0,510,0,N/A,0
CLI3627,25,1499.25,1767.18,4,0,509,0,N/A,0
CLI3628,50,928.15,1090.26,12,1,642,0,N/A,0
CLI3629,57,1744.6,1355.24,6,0,876,0,N/A,0
CLI3630,20,2500.71,1544.65,2,0,594,0,N/A,0
CLI3631,32,4376.39,2673.44,4,0,433,0,N/A,0
CLI3632,60,1226.13,2935.9,9,0,698,1,Lembrete com opção de renegociar,0
CLI3633,26,1701.84,1349.44,6,0,633,1,Lembrete com opção de renegociar,1
CLI3634,27,2303.07,241.2,12,0,300,0,N/A,0
CLI3635,37,2679.02,476.47,2,0,968,0,N/A,0
CLI3636,18,1990.91,2890.5,3,0,560,1,Lembrete simples,0
CLI3637,37,2521.24,856.58,3,1,540,0,N/A,0
CLI3638,36,4738.48,106.13,6,0,555,1,Lembrete simples,0
CLI3639,33,2169.73,1207.9,6,0,346,0,N/A,0
CLI3640,28,2648.68,100.31,2,0,663,0,N/A,0
CLI3641,28,2460.12,748.96,6,0,555,0,N/A,0
CLI3642,22,1890.04,2932.44,12,0,425,1,Lembrete simples,1
CLI3643,43,1858.4,102.05,2,1,620,0,N/A,0
CLI3644,56,1760.04,1163.28,9,0,428,1,Lembrete simples,1
CLI3645,24,2854.44,633.92,4,0,571,0,N/A,0
CLI3646,26,3202.34,2322.26,6,0,793,0,N/A,0
CLI3647,25,900.0,2939.8,4,1,833,1,Lembrete com opção de renegociar,0
CLI3648,32,2129.89,1081.45,9,0,545,0,N/A,0
CLI3649,43,1432.65,1322.58,3,0,605,1,Lembrete simples,0
CLI3650,50,1200.71,2304.5,3,1,686,0,N/A,0
CLI3651,54,3545.84,2549.78,4,1,572,1,Lembrete simples,0
CLI3652,22,4293.27,2431.12,2,1,369,1,Lembrete simples,0
CLI3653,30,3698.83,1378.53,9,0,416,0,N/A,0
CLI3654,37,2649.79,190.1,6,0,824,0,N/A,0
CLI3655,39,3038.58,1847.22,4,0,553,0,N/A,0
CLI3656,62,1942.15,1379.27,12,0,721,1,Lembrete simples,0
CLI3657,53,8608.42,436.26,6,1,736,0,N/A,0
CLI3658,39,2564.21,2553.56,2,0,300,1,Lembrete simples,0
CLI3659,38,1522.23,2965.93,4,1,340,0,N/A,0
CLI3660,59,1738.9,2296.13,2,0,768,0,N/A,0
CLI3661,23,900.0,1913.27,2,0,533,0,N/A,0
CLI3662,63,2493.64,2495.02,4,0,585,1,Lembrete com opção de renegociar,0
CLI3663,51,2328.16,2421.96,4,0,708,1,Lembrete com opção de renegociar,0
CLI3664,62,900.0,1043.59,3,0,679,1,Lembrete simples,0
CLI3665,23,2177.73,2111.03,2,0,544,0,N/A,0
CLI3666,23,1656.31,392.12,2,0,654,1,Lembrete com opção de renegociar,0
CLI3667,48,1665.31,1221.99,9,1,527,0,N/A,0
CLI3668,18,1365.24,2375.99,9,0,416,0,N/A,0
CLI3669,28,3023.41,129.82,6,1,722,0,N/A,0
CLI3670,40,3417.07,1366.97,2,0,300,0,N/A,0
CLI3671,22,2143.25,1153.21,2,0,840,1,Lembrete com opção de renegociar,0
CLI3672,48,6304.22,1733.29,2,0,495,1,Lembrete simples,1
CLI3673,51,2537.01,341.2,2,1,765,0,N/A,0
CLI3674,64,2608.5,2409.76,6,1,579,0,N/A,0
CLI3675,25,2359.65,1259.27,12,0,739,0,N/A,0
CLI3676,43,1286.68,2346.73,2,0,389,0,N/A,0
CLI3677,50,2290.09,1337.96,3,0,548,0,N/A,0
CLI3678,39,2134.61,2450.47,4,0,635,1,Lembrete com opção de renegociar,1
CLI3679,35,2015.93,1645.0,12,0,664,0,N/A,0
CLI3680,50,1606.82,98.67,2,1,627,0,N/A,0
CLI3681,20,3401.54,2162.75,2,0,759,0,N/A,0
CLI3682,29,5135.2,2380.35,4,1,300,1,Lembrete com opção de renegociar,0
CLI3683,52,3159.39,1711.59,9,1,607,1,Lembrete com opção de renegociar,1
CLI3684,33,900.0,1092.76,2,1,633,1,Lembrete com opção de renegociar,1
CLI3685,49,4443.81,1230.29,2,1,534,0,N/A,0
CLI3686,39,954.41,963.29,6,0,537,0,N/A,0
CLI3687,35,2522.73,994.57,3,1,715,0,N/A,0
CLI3688,34,1471.33,1073.23,2,1,491,1,Lembrete simples,1
CLI3689,55,1538.71,2654.97,12,0,336,0,N/A,0
CLI3690,38,1728.2,1793.1,3,0,527,0,N/A,0
CLI3691,28,4112.0,1708.25,3,0,421,0,N/A,0
CLI3692,28,2736.08,575.14,2,1,707,0,N/A,0
CLI3693,24,1227.96,486.19,3,0,419,0,N/A,0
CLI3694,19,1294.8,2528.1,2,0,461,0,N/A,0
CLI3695,64,3041.08,1206.0,3,0,874,0,N/A,0
CLI3696,37,1652.87,2889.7,2,0,498,1,Lembrete com opção de renegociar,1
CLI3697,42,2547.79,352.79,6,0,744,0,N/A,0
CLI3698,40,1344.69,1389.61,6,0,575,0,N/A,0
CLI3699,41,1430.04,2324.89,12,0,677,1,Lembrete com opção de renegociar,0
CLI3700,63,932.27,1080.44,2,0,345,1,Lembrete com opção de renegociar,0
CLI3701,23,1989.49,1817.08,6,1,900,0,N/A,0
CLI3702,56,1878.73,1714.9,12,1,717,0,N/A,0
CLI3703,33,3323.07,1063.4,4,1,602,0,N/A,0
CLI3704,49,2037.34,2680.38,4,0,300,1,Lembrete com opção de renegociar,1
CLI3705,37,1641.74,956.85,4,0,892,0,N/A,0
CLI3706,21,2022.84,2809.25,12,1,777,0,N/A,0
CLI3707,30,2479.6,2361.87,4,1,599,0,N/A,0
CLI3708,30,3771.33,1449.16,3,1,422,0,N/A,0
CLI3709,22,1611.78,2873.36,12,0,549,1,Lembrete simples,0
CLI3710,61,1505.8,1135.98,2,0,762,1,Lembrete com opção de renegociar,1
CLI3711,61,4296.17,2387.14,3,1,343,1,Lembrete simples,1
CLI3712,38,1251.08,2183.19,3,0,696,0,N/A,0
CLI3713,35,2439.8,600.43,2,0,561,0,N/A,0
CLI3714,25,2275.71,1867.76,3,0,474,0,N/A,0
CLI3715,43,2164.74,512.05,2,0,625,0,N/A,0
CLI3716,35,1686.16,2259.64,2,0,422,1,Lembrete com opção de renegociar,1
CLI3717,61,1277.37,2625.93,6,0,779,1,Lembrete simples,0
CLI3718,35,3026.96,2520.9,9,1,652,1,Lembrete com opção de renegociar,0
CLI3719,36,2297.48,2159.04,3,1,419,1,Lembrete com opção de renegociar,0
CLI3720,59,1304.79,477.27,4,0,300,1,Lembrete com opção de renegociar,0
CLI3721,60,1498.59,1629.95,4,0,654,1,Lembrete simples,1
CLI3722,44,1609.6,2498.43,4,1,560,0,N/A,0
CLI3723,60,1562.48,1249.85,3,0,522,1,Lembrete simples,0
CLI3724,40,900.0,833.44,4,0,629,0,N/A,0
CLI3725,30,900.0,91.29,4,1,488,0,N/A,0
CLI3726,22,7323.7,394.88,4,0,703,0,N/A,0
CLI3727,35,1678.61,2282.19,6,1,306,1,Lembrete simples,0
CLI3728,19,2980.4,2588.8,3,0,539,0,N/A,0
CLI3729,25,1221.84,1533.92,9,0,603,0,N/A,0
CLI3730,44,900.0,672.9,3,1,611,0,N/A,0
CLI3731,52,2809.15,2579.62,3,1,551,0,N/A,0
CLI3732,18,2581.66,1115.2,3,1,485,0,N/A,0
CLI3733,60,1977.07,1664.12,4,0,803,0,N/A,0
CLI3734,36,6491.53,2757.97,9,0,467,1,Lembrete simples,1
CLI3735,44,921.21,2897.42,12,1,627,1,Lembrete com opção de renegociar,0
CLI3736,44,4157.62,2754.92,3,0,678,0,N/A,0
CLI3737,58,2118.56,638.97,9,0,484,0,N/A,0
CLI3738,18,1315.09,626.71,12,1,685,0,N/A,0
CLI3739,18,1254.23,925.42,12,1,590,0,N/A,0
CLI3740,40,1003.96,523.18,2,1,476,0,N/A,0
CLI3741,43,1776.97,60.87,3,0,706,0,N/A,0
CLI3742,29,1398.18,2139.1,2,1,623,0,N/A,0
CLI3743,18,1717.1,135.1,3,0,666,0,N/A,0
CLI3744,60,2329.62,251.43,2,0,838,0,N/A,0
CLI3745,33,900.0,2214.51,2,0,529,1,Lembrete com opção de renegociar,0
CLI3746,50,2752.06,1881.47,4,0,627,1,Lembrete com opção de renegociar,0
CLI3747,56,2573.61,2773.37,3,0,683,0,N/A,0
CLI3748,39,1307.3,2731.16,6,1,830,0,N/A,0
CLI3749,39,1541.92,2110.68,6,0,300,1,Lembrete com opção de renegociar,0
CLI3750,44,1509.74,1882.49,12,1,600,1,Lembrete simples,0
CLI3751,40,5750.83,889.36,3,1,659,0,N/A,0
CLI3752,34,1497.24,285.1,3,0,727,0,N/A,0
CLI3753,41,1141.18,2296.46,6,1,817,1,Lembrete com opção de renegociar,1
CLI3754,49,1543.77,1631.58,3,1,608,1,Lembrete simples,0
CLI3755,28,1891.79,2066.87,6,1,559,0,N/A,0
CLI3756,22,2569.96,92.62,4,1,700,0,N/A,0
CLI3757,32,2574.28,1186.28,9,0,780,0,N/A,0
CLI3758,53,2252.45,2218.04,3,1,382,1,Lembrete simples,0
CLI3759,36,4661.78,1810.37,9,0,733,0,N/A,0
CLI3760,23,2858.1,1719.07,2,0,451,0,N/A,0
CLI3761,58,2525.11,2258.6,9,0,471,0,N/A,0
CLI3762,53,990.39,2605.94,2,0,391,0,N/A,0
CLI3763,25,2711.75,517.51,3,1,631,0,N/A,0
CLI3764,50,2095.31,595.74,12,1,519,0,N/A,0
CLI3765,33,4470.92,1315.66,3,1,692,0,N/A,0
CLI3766,33,1618.79,185.93,4,0,467,0,N/A,0
CLI3767,60,2700.33,2393.38,6,1,609,0,N/A,0
CLI3768,43,3136.89,1669.45,12,1,548,1,Lembrete com opção de renegociar,0
CLI3769,24,1545.69,1701.07,2,1,730,0,N/A,0
CLI3770,64,2036.85,1033.07,3,0,705,0,N/A,0
CLI3771,61,2368.84,312.24,6,1,651,0,N/A,0
CLI3772,41,1788.38,1937.59,2,1,466,0,N/A,0
CLI3773,61,3023.33,2180.46,2,0,610,0,N/A,0
CLI3774,39,2788.36,2765.12,4,1,603,0,N/A,0
CLI3775,58,1092.62,355.64,6,0,674,0,N/A,0
CLI3776,53,1228.2,283.07,4,0,463,1,Lembrete simples,0
CLI3777,56,1763.5,2879.5,6,1,490,1,Lembrete simples,0
CLI3778,27,2188.39,2937.61,3,0,740,0,N/A,0
CLI3779,63,6041.08,2674.08,6,0,522,0,N/A,0
CLI3780,63,4321.83,2335.8,2,1,553,1,Lembrete com opção de renegociar,1
CLI3781,40,2276.34,1621.37,4,1,562,0,N/A,0
CLI3782,32,2840.03,657.71,4,1,536,0,N/A,0
CLI3783,26,2712.26,860.6,12,0,541,1,Lembrete simples,0
CLI3784,57,2458.52,2458.61,3,0,812,0,N/A,0
CLI3785,34,1322.26,1843.39,2,1,723,1,Lembrete simples,0
CLI3786,26,1350.89,830.85,2,1,672,0,N/A,0
CLI3787,46,959.11,1102.15,9,0,601,1,Lembrete com opção de renegociar,1
CLI3788,64,1722.75,1467.78,6,0,595,0,N/A,0
CLI3789,57,2614.64,2933.74,4,0,596,0,N/A,0
CLI3790,30,3057.24,2080.47,3,0,844,0,N/A,0
CLI3791,34,4640.09,228.25,6,0,594,0,N/A,0
CLI3792,63,1067.17,2857.17,4,0,527,1,Lembrete com opção de renegociar,0
CLI3793,27,1385.59,1396.49,2,1,423,0,N/A,0
CLI3794,28,3983.5,2254.84,2,0,414,0,N/A,0
CLI3795,33,2132.57,2443.8,2,1,864,0,N/A,0
CLI3796,43,1394.35,1273.33,6,1,465,1,Lembrete simples,1
CLI3797,55,2359.42,2861.25,3,1,722,0,N/A,0
CLI3798,52,2027.87,388.09,2,0,375,0,N/A,0
CLI3799,31,1907.04,1727.85,12,0,438,1,Lembrete com opção de renegociar,0
CLI3800,23,2372.85,624.78,6,1,404,0,N/A,0
CLI3801,61,1957.54,1271.31,2,0,730,0,N/A,0
CLI3802,64,2796.51,498.18,3,1,719,0,N/A,0
CLI3803,47,1531.51,712.64,12,0,712,0,N/A,0
CLI3804,29,1106.4,2623.17,6,1,338,1,Lembrete com opção de renegociar,0
CLI3805,37,1298.46,328.85,9,0,618,0,N/A,0
CLI3806,42,1306.62,115.97,9,1,910,0,N/A,0
CLI3807,61,2516.9,2111.69,3,0,738,0,N/A,0
CLI3808,56,2557.93,2392.07,4,0,676,0,N/A,0
CLI3809,38,2959.86,971.27,2,1,722,0,N/A,0
CLI3810,52,1842.52,497.73,3,1,696,0,N/A,0
CLI3811,47,1101.27,1074.72,3,0,696,0,N/A,0
CLI3812,45,2706.08,2605.61,12,0,778,0,N/A,0
CLI3813,45,2467.21,1839.8,9,0,686,1,Lembrete simples,0
CLI3814,41,1835.74,1210.48,4,0,536,1,Lembrete com opção de renegociar,0
CLI3815,35,1030.49,1464.45,4,0,661,1,Lembrete simples,0
CLI3816,42,4163.15,610.34,9,0,712,0,N/A,0
CLI3817,60,1883.18,1790.2,3,0,819,0,N/A,0
CLI3818,32,1098.45,2676.92,2,0,681,1,Lembrete com opção de renegociar,1
CLI3819,26,900.0,1587.47,6,1,491,0,N/A,0
CLI3820,58,2309.48,1160.07,6,1,471,0,N/A,0
CLI3821,56,1204.91,743.52,12,0,716,1,Lembrete simples,0
CLI3822,31,1930.79,2793.99,9,0,487,1,Lembrete simples,0
CLI3823,20,3723.31,1786.75,3,0,538,0,N/A,0
CLI3824,25,1861.14,157.63,2,1,586,0,N/A,0
CLI3825,36,1781.26,2126.56,2,0,680,1,Lembrete simples,0
CLI3826,21,900.0,2947.51,2,0,559,1,Lembrete simples,0
CLI3827,62,3011.98,663.35,2,0,463,0,N/A,0
CLI3828,19,3065.7,1711.29,6,1,391,0,N/A,0
CLI3829,57,2871.58,1638.39,12,0,859,0,N/A,0
CLI3830,56,1198.65,1964.28,2,0,638,0,N/A,0
CLI3831,26,2443.54,1186.15,3,1,688,0,N/A,0
CLI3832,23,1328.44,1478.57,12,1,758,0,N/A,0
CLI3833,21,1226.95,2080.22,9,1,501,1,Lembrete com opção de renegociar,1
CLI3834,64,1346.14,1228.64,2,1,547,0,N/A,0
CLI3835,62,1190.72,280.99,12,1,560,0,N/A,0
CLI3836,57,3260.8,1547.37,4,1,590,0,N/A,0
CLI3837,22,1882.88,1900.62,4,0,719,0,N/A,0
CLI3838,22,2996.43,1421.76,9,0,626,0,N/A,0
CLI3839,41,5406.12,676.83,4,0,495,0,N/A,0
CLI3840,34,3129.24,478.58,3,0,545,0,N/A,0
CLI3841,18,2726.26,138.93,3,1,911,0,N/A,0
CLI3842,18,1089.95,1889.84,4,1,581,0,N/A,0
CLI3843,39,988.29,949.17,4,0,709,0,N/A,0
CLI3844,42,900.0,1496.35,4,0,483,1,Lembrete simples,0
CLI3845,45,1444.12,286.8,4,0,520,0,N/A,0
CLI3846,38,1429.03,2414.79,2,0,622,1,Lembrete simples,1
CLI3847,44,1631.33,907.29,2,1,345,0,N/A,0
CLI3848,36,1510.03,2271.01,2,0,446,1,Lembrete com opção de renegociar,0
CLI3849,24,4777.15,359.67,6,0,725,0,N/A,0
CLI3850,53,3097.31,2610.82,2,0,719,1,Lembrete com opção de renegociar,1
CLI3851,21,3518.55,2921.97,3,1,546,0,N/A,0
CLI3852,25,1037.62,2498.75,3,1,785,0,N/A,0
CLI3853,39,2056.09,1616.52,4,0,540,0,N/A,0
CLI3854,26,900.0,1946.53,9,0,556,1,Lembrete simples,0
CLI3855,39,2789.1,1847.05,3,1,568,0,N/A,0
CLI3856,36,3981.21,1938.14,3,1,604,0,N/A,0
CLI3857,23,1306.82,2042.21,2,0,745,0,N/A,0
CLI3858,63,2525.88,789.8,4,0,416,0,N/A,0
CLI3859,37,3391.89,2697.28,9,1,545,1,Lembrete com opção de renegociar,0
CLI3860,42,1771.51,957.77,4,1,708,0,N/A,0
CLI3861,58,1523.66,521.38,4,0,594,0,N/A,0
CLI3862,30,1030.99,2471.51,6,1,660,0,N/A,0
CLI3863,34,1661.44,1351.23,12,1,688,0,N/A,0
CLI3864,33,2064.14,2306.04,9,0,389,0,N/A,0
CLI3865,30,3254.23,325.96,9,0,745,0,N/A,0
CLI3866,52,3210.62,193.27,9,0,941,0,N/A,0
CLI3867,25,1401.2,632.25,9,0,650,0,N/A,0
CLI3868,27,1964.7,1261.92,3,0,507,0,N/A,0
CLI3869,48,3725.98,2764.26,3,1,593,0,N/A,0
CLI3870,32,1702.33,991.98,6,0,880,0,N/A,0
CLI3871,61,1807.58,2844.57,4,0,572,0,N/A,0
CLI3872,23,2098.42,1429.64,4,0,408,0,N/A,0
CLI3873,24,2685.15,634.89,4,0,375,1,Lembrete simples,0
CLI3874,45,1218.9,861.25,3,0,426,0,N/A,0
CLI3875,40,4455.79,2209.01,2,0,658,0,N/A,0
CLI3876,27,2204.4,493.5,12,0,756,0,N/A,0
CLI3877,31,5294.92,1955.68,3,1,482,0,N/A,0
CLI3878,58,1188.91,1943.71,2,0,620,1,Lembrete com opção de renegociar,0
CLI3879,33,1436.57,1453.34,2,0,368,0,N/A,0
CLI3880,43,2232.79,1576.16,2,0,760,0,N/A,0
CLI3881,23,1405.93,1335.75,9,0,572,1,Lembrete simples,0
CLI3882,54,1704.52,2172.62,6,1,670,0,N/A,0
CLI3883,43,1284.99,883.09,2,1,482,0,N/A,0
CLI3884,41,1922.44,2412.43,12,0,650,0,N/A,0
CLI3885,32,1856.65,2910.25,12,0,402,1,Lembrete com opção de renegociar,1
CLI3886,23,2493.22,2712.93,6,1,538,1,Lembrete simples,0
CLI3887,28,5155.73,1537.41,12,0,665,1,Lembrete simples,0
CLI3888,31,2075.73,2299.78,4,0,394,0,N/A,0
CLI3889,41,6770.12,919.26,2,0,777,0,N/A,0
CLI3890,51,2078.97,2738.41,6,1,674,1,Lembrete com opção de renegociar,1
CLI3891,61,2486.53,986.73,3,0,525,0,N/A,0
CLI3892,51,2349.2,1482.25,4,1,629,0,N/A,0
CLI3893,25,2996.01,2945.67,3,0,558,0,N/A,0
CLI3894,40,1319.93,1599.51,12,1,641,0,N/A,0
CLI3895,22,1507.36,1095.19,6,0,623,0,N/A,0
CLI3896,22,1263.18,800.84,2,0,601,0,N/A,0
CLI3897,38,3499.13,2070.27,12,1,567,0,N/A,0
CLI3898,51,1044.7,2044.61,6,1,577,1,Lembrete com opção de renegociar,0
CLI3899,56,2790.71,1304.53,3,1,700,0,N/A,0
CLI3900,18,2833.66,701.1,2,0,795,0,N/A,0
CLI3901,39,900.0,1822.71,9,0,734,0,N/A,0
CLI3902,42,1498.37,2276.06,2,1,589,1,Lembrete simples,0
CLI3903,47,1007.39,2491.31,6,1,656,0,N/A,0
CLI3904,19,2130.25,1917.57,2,0,931,0,N/A,0
CLI3905,52,1635.13,54.35,2,1,643,0,N/A,0
CLI3906,55,1819.43,998.21,12,0,434,0,N/A,0
CLI3907,25,974.51,2612.87,3,0,368,1,Lembrete com opção de renegociar,0
CLI3908,44,1984.71,2258.88,12,0,502,1,Lembrete com opção de renegociar,1
CLI3909,35,900.0,1643.25,4,1,575,1,Lembrete com opção de renegociar,0
CLI3910,50,2562.16,502.75,6,1,638,0,N/A,0
CLI3911,44,1916.52,926.64,2,1,619,0,N/A,0
CLI3912,55,1835.77,2692.19,2,0,532,1,Lembrete com opção de renegociar,0
CLI3913,41,1662.35,2052.84,2,0,720,1,Lembrete com opção de renegociar,0
CLI3914,28,2304.84,2393.74,4,0,364,0,N/A,0
CLI3915,53,3167.88,1614.13,6,0,300,0,N/A,0
CLI3916,55,2025.06,2312.21,6,0,567,1,Lembrete com opção de renegociar,1
CLI3917,41,2051.23,1785.51,2,1,674,0,N/A,0
CLI3918,46,1046.38,630.66,4,0,503,0,N/A,0
CLI3919,18,1270.69,445.45,3,0,721,0,N/A,0
CLI3920,20,1191.27,1129.51,6,1,705,0,N/A,0
CLI3921,39,2045.43,1434.12,6,0,578,0,N/A,0
CLI3922,49,2412.12,246.17,2,0,696,0,N/A,0
CLI3923,35,1758.93,2049.25,2,0,791,0,N/A,0
CLI3924,54,1705.57,2251.83,4,1,561,0,N/A,0
CLI3925,42,2209.26,2891.71,4,0,622,0,N/A,0
CLI3926,19,2015.27,430.64,12,0,417,1,Lembrete com opção de renegociar,0
CLI3927,28,3426.81,1431.26,4,0,527,0,N/A,0
CLI3928,28,1759.98,589.46,3,1,828,0,N/A,0
CLI3929,41,1579.99,2084.31,9,1,746,0,N/A,0
CLI3930,25,1836.6,2680.52,3,0,493,0,N/A,0
CLI3931,30,1541.67,2142.02,3,1,618,1,Lembrete com opção de renegociar,0
CLI3932,28,1438.26,2108.92,4,1,570,0,N/A,0
CLI3933,54,2117.95,383.26,6,1,550,0,N/A,0
CLI3934,53,1644.97,1423.24,2,0,614,1,Lembrete com opção de renegociar,1
CLI3935,64,2543.1,2205.68,4,0,876,0,N/A,0
CLI3936,26,1058.43,2773.97,3,0,598,1,Lembrete simples,0
CLI3937,55,1645.42,2713.0,2,0,507,1,Lembrete simples,1
CLI3938,36,1500.65,1394.95,4,0,548,1,Lembrete simples,1
CLI3939,25,1556.15,2475.68,2,1,517,0,N/A,0
CLI3940,34,2312.65,1521.56,2,0,449,1,Lembrete com opção de renegociar,0
CLI3941,59,1168.63,1758.59,6,1,1000,0,N/A,0
CLI3942,61,2146.46,2050.8,9,0,533,1,Lembrete com opção de renegociar,1
CLI3943,51,900.0,1433.76,3,0,447,1,Lembrete com opção de renegociar,0
CLI3944,53,1903.9,2565.46,3,1,445,1,Lembrete simples,0
CLI3945,57,4462.09,77.59,3,1,606,0,N/A,0
CLI3946,55,3402.3,1600.91,2,0,470,0,N/A,0
CLI3947,52,1947.31,1389.14,3,1,557,0,N/A,0
CLI3948,36,996.3,1383.38,3,0,655,1,Lembrete simples,0
CLI3949,30,1227.58,2920.78,4,1,468,1,Lembrete com opção de renegociar,0
CLI3950,52,3690.28,180.62,2,0,671,0,N/A,0
CLI3951,40,2688.74,1151.79,6,1,501,1,Lembrete com opção de renegociar,0
CLI3952,26,1361.37,848.98,4,1,515,0,N/A,0
CLI3953,19,1092.53,274.32,2,1,620,0,N/A,0
CLI3954,48,2376.1,362.63,6,1,577,0,N/A,0
CLI3955,64,1278.68,2514.75,2,0,811,0,N/A,0
CLI3956,48,900.0,2857.58,4,0,629,0,N/A,0
CLI3957,23,3952.83,2775.89,4,1,656,0,N/A,0
CLI3958,47,900.0,1898.06,4,0,561,0,N/A,0
CLI3959,63,1873.71,315.43,3,1,811,0,N/A,0
CLI3960,23,1089.43,2805.18,6,1,635,0,N/A,0
CLI3961,47,4936.55,207.18,4,0,657,0,N/A,0
CLI3962,31,2199.77,1583.69,6,1,513,0,N/A,0
CLI3963,45,2036.65,2173.71,9,0,460,1,Lembrete simples,1
CLI3964,54,3479.79,2571.65,4,1,828,0,N/A,0
CLI3965,21,1904.82,595.59,9,1,577,0,N/A,0
CLI3966,53,1981.77,1447.89,2,0,670,0,N/A,0
CLI3967,38,3427.71,2184.92,12,0,695,0,N/A,0
CLI3968,28,1023.4,1340.74,6,0,554,1,Lembrete simples,0
CLI3969,20,2734.99,2402.53,9,0,560,0,N/A,0
CLI3970,42,4151.72,1664.4,2,1,452,1,Lembrete com opção de renegociar,1
CLI3971,32,2280.63,2303.6,2,0,455,1,Lembrete simples,0
CLI3972,30,1903.35,95.05,2,0,602,0,N/A,0
CLI3973,60,1524.29,506.8,3,1,604,0,N/A,0
CLI3974,22,2489.7,737.0,4,1,929,0,N/A,0
CLI3975,27,2460.1,2843.57,6,0,769,0,N/A,0
CLI3976,43,3297.79,593.43,9,1,514,0,N/A,0
CLI3977,20,1417.43,1774.94,9,0,649,0,N/A,0
CLI3978,51,1762.52,2663.6,6,0,745,0,N/A,0
CLI3979,59,1025.36,2827.24,4,0,734,0,N/A,0
CLI3980,31,1649.09,2561.04,2,0,703,1,Lembrete simples,0
CLI3981,56,2515.95,418.4,2,1,616,1,Lembrete com opção de renegociar,1
CLI3982,63,2162.61,2470.0,12,1,773,0,N/A,0
CLI3983,31,1342.72,799.01,3,0,570,1,Lembrete com opção de renegociar,0
CLI3984,32,2875.95,1611.86,3,0,714,0,N/A,0
CLI3985,43,3074.02,1689.95,2,0,300,1,Lembrete simples,0
CLI3986,54,4014.76,2220.06,2,0,634,0,N/A,0
CLI3987,27,1688.21,2659.81,4,0,574,0,N/A,0
CLI3988,59,3027.35,2112.47,4,0,339,1,Lembrete com opção de renegociar,0
CLI3989,27,1344.6,1649.78,12,0,300,1,Lembrete simples,0
CLI3990,27,1197.5,595.03,3,0,665,1,Lembrete simples,0
CLI3991,23,1049.03,1845.09,2,0,773,0,N/A,0
CLI3992,41,3080.49,2801.71,4,0,300,1,Lembrete com opção de renegociar,0
CLI3993,40,2714.14,332.6,4,0,434,0,N/A,0
CLI3994,20,2327.66,2757.7,2,0,725,1,Lembrete simples,0
CLI3995,37,2900.12,1587.36,4,0,685,0,N/A,0
CLI3996,23,4005.6,124.43,4,0,602,0,N/A,0
CLI3997,57,2006.76,417.09,12,1,474,0,N/A,0
CLI3998,27,1240.45,2246.89,3,0,863,0,N/A,0
CLI3999,25,1308.6,2069.48,2,0,466,1,Lembrete simples,0
